order_id,product,order_date,delivery_date,amount
O2000,Thingamajig,2025-09-10,2025-09-17,442.72
O2001,Thingamajig,2025-12-06,2025-12-14,303.68
O2002,Gadget,2025-08-22,2025-08-24,283.47
O2003,Doohickey,2026-02-06,2026-02-18,254.09
O2004,Widget,2026-01-19,2026-01-23,$180.08
O2005,Widget,2026-05-10,2026-05-24,465.83
O2006,Doohickey,2025-08-15,2025-08-16,$287.14
O2007,Widget,2025-09-23,2025-09-29,265.56
O2008,Thingamajig,2026-01-14,2026-01-18,395.5
O2009,Doohickey,2026-05-17,2026-05-28,73.7
O2010,Widget,2025-08-05,2025-08-17,67.04
O2011,Gadget,2025-10-31,2025-03-11,403.23
O2012,Doohickey,2026-03-29,2026-12-04,99.67
O2013,Widget,2026-06-15,2026-06-21,215.56
O2014,Doohickey,2025-11-01,2025-11-06,448.99
O2015,Widget,2026-06-26,2026-07-05,344.64
O2016,Widget,2026-06-01,2026-03-06,121.38
O2017,Thingamajig,2025-07-18,2025-07-23,143.35
O2018,Widget,2026-01-12,2026-01-23,297.75
O2019,Gadget,2026-06-28,2026-07-09,$438.44
O2020,Thingamajig,2026-03-19,2026-03-31,$376.59
O2021,Doohickey,2026-03-26,2026-04-01,479.7
O2022,Doohickey,2026-03-30,2026-04-05,454.72
O2023,Widget,2026-04-04,2026-10-04,$204.84
O2024,Widget,2025-08-13,2025-08-25,458.32
O2025,Gadget,2026-06-09,2026-06-20,156.46
O2026,Gadget,2025-07-19,2025-07-21,115.52
O2027,Gizmo,2025-08-27,2025-09-09,428.59
O2028,Doohickey,2025-09-23,2025-07-10,146.15
O2029,Doohickey,2025-09-30,2025-10-13,21.21
O2030,Thingamajig,2025-07-18,2025-07-22,463.59
O2031,Gizmo,2026-05-02,2026-05-08,$138.01
O2032,Widget,2026-01-07,2026-01-14,217.37
O2033,Gizmo,2026-01-04,2026-11-01,158.4
O2034,Gizmo,2025-08-26,2025-09-06,302.96
O2035,Doohickey,2025-12-02,2025-12-11,482.61
O2036,Widget,2025-09-09,2025-09-14,$344.31
O2037,Widget,2026-01-25,2026-01-30,439.02
O2038,Gadget,2025-12-30,2026-01-05,330.51
O2039,Doohickey,2025-10-27,2025-11-03,157.84
O2040,Gadget,2026-04-11,2026-04-15,269.31
O2041,Thingamajig,2026-03-17,2026-03-20,467.34
O2042,Gizmo,2026-06-01,2026-06-10,124.53
O2043,Doohickey,2026-01-04,2026-08-01,$32.63
O2044,Thingamajig,2026-01-26,2026-01-28,29.0
O2045,Widget,2026-06-26,2026-01-07,80.62
O2046,Doohickey,2026-01-19,2026-01-21,354.97
O2047,Widget,2026-06-27,2026-06-28,486.52
O2048,Gizmo,2026-03-25,2026-03-28,$496.56
O2049,Doohickey,2026-03-09,2026-11-03,360.61
O2050,Gizmo,2026-04-14,2026-04-22,466.5
O2051,Widget,2026-02-06,2026-12-02,130.63
O2052,Doohickey,2026-01-23,2026-01-26,$84.20
O2053,Thingamajig,2025-08-24,2025-09-02,105.11
O2054,Gizmo,2025-08-18,2025-08-26,103.05
O2055,Gizmo,2025-10-11,2025-10-25,66.96
O2056,Widget,2026-04-19,2026-02-05,328.34
O2057,Gadget,2025-08-23,2025-09-04,$70.19
O2058,Thingamajig,2026-03-20,2026-04-02,451.75
O2059,Gadget,2025-10-11,2025-10-22,276.68
O2060,Doohickey,2025-09-08,,95.14
O2061,Gizmo,2025-10-21,2025-10-31,$465.59
O2062,Thingamajig,2025-11-06,2025-11-11,295.69
O2063,Gadget,2026-03-07,2026-03-11,64.9
O2064,Thingamajig,2026-04-06,2026-04-13,352.1
O2065,Thingamajig,2026-02-04,2026-02-14,36.98
O2066,Gizmo,2026-06-19,2026-06-21,22.35
O2067,Widget,2026-02-09,2026-02-23,135.42
O2068,Gizmo,2025-11-26,2025-12-09,467.44
O2069,Widget,2026-04-03,2026-04-13,312.87
O2070,Widget,2026-03-18,2026-04-01,48.25
O2071,Gizmo,2026-02-15,2026-02-19,184.93
O2072,Widget,2026-03-23,2026-03-29,331.04
O2073,Widget,2025-09-26,2025-09-30,377.49
O2074,Gadget,2025-10-07,2025-10-20,141.39
O2075,Widget,2025-07-25,2025-07-29,245.39
O2076,Widget,2026-04-21,2026-05-03,246.99
O2077,Thingamajig,2025-08-27,2025-09-07,346.13
O2078,Thingamajig,2026-04-10,2026-04-15,221.08
O2079,Gizmo,2026-03-16,2026-03-30,154.87
O2080,Thingamajig,2026-01-29,2026-02-03,454.11
O2081,Widget,2025-11-05,2025-11-13,233.01
O2082,Gizmo,2026-06-06,2026-06-12,444.97
O2083,Gizmo,2026-02-02,2026-02-14,421.03
O2084,Gadget,2026-04-12,,98.85
O2085,Widget,2026-05-14,2026-05-17,51.79
O2086,Widget,2025-12-11,2025-12-13,98.59
O2087,Gizmo,2026-01-28,2026-02-09,167.54
O2088,Doohickey,2025-09-25,2025-09-29,373.47
O2089,Widget,2026-06-19,2026-06-23,346.61
O2090,Gadget,2025-09-27,2025-05-10,103.87
O2091,Widget,2026-06-20,2026-02-07,$23.23
O2092,Doohickey,2025-08-04,2025-08-07,$447.48
O2093,Gizmo,2025-09-21,2025-09-28,$248.40
O2094,Gadget,2025-08-26,2025-08-29,163.32
O2095,Gizmo,2025-11-07,2025-11-21,454.94
O2096,Gadget,2025-12-05,2025-12-06,380.13
O2097,Gadget,2026-02-08,2026-02-09,409.88
O2098,Thingamajig,2026-03-20,2026-03-26,229.43
O2099,Thingamajig,2026-02-07,2026-02-21,$486.99
O2100,Thingamajig,2025-12-26,2025-12-28,264.55
O2101,Doohickey,2026-07-02,2026-07-11,390.65
O2102,Doohickey,2026-01-25,2026-01-29,180.16
O2103,Doohickey,2026-04-23,2026-05-01,320.87
O2104,Thingamajig,2026-06-25,2026-07-07,348.19
O2105,Widget,2026-03-08,2026-03-18,$83.36
O2106,Gadget,2026-05-19,2026-05-20,52.3
O2107,Thingamajig,2025-09-14,2025-09-23,432.46
O2108,Gadget,2025-11-13,2025-11-17,392.34
O2109,Gadget,2025-10-07,2025-10-10,241.45
O2110,Gadget,2026-02-17,2026-02-27,$226.27
O2111,Gadget,2026-05-08,2026-05-16,465.03
O2112,Gizmo,2025-12-29,2026-01-08,157.28
O2113,Gadget,2026-06-05,2026-08-06,$73.18
O2114,Doohickey,2026-04-12,2026-04-17,207.22
O2115,Gadget,2026-06-18,2026-02-07,247.59
O2116,Widget,2025-09-07,2025-09-12,395.95
O2117,Widget,2026-01-10,2026-01-17,372.9
O2118,Thingamajig,2025-10-16,2025-10-23,147.65
O2119,Gadget,2025-07-21,2025-07-25,327.23
O2120,Doohickey,2026-02-01,2026-09-02,154.56
O2121,Doohickey,2026-05-13,2026-05-27,402.42
O2122,Gizmo,2025-07-07,2025-07-21,313.5
O2123,Doohickey,2026-04-09,2026-04-20,344.59
O2124,Gadget,2026-06-07,2026-06-15,$489.42
O2125,Thingamajig,2025-12-04,2025-08-12,330.34
O2126,Thingamajig,2026-06-19,2026-06-30,$371.16
O2127,Widget,2026-03-16,2026-03-22,$193.02
O2128,Gadget,2025-07-07,2025-07-19,216.93
O2129,Gadget,2026-04-15,2026-04-24,$481.90
O2130,Gizmo,2026-01-09,2026-01-15,357.03
O2131,Thingamajig,2026-03-07,2026-03-21,245.04
O2132,Widget,2025-09-16,2025-09-17,179.17
O2133,Doohickey,2026-04-14,2026-04-20,381.56
O2134,Widget,2025-07-25,2025-08-01,$381.31
O2135,Thingamajig,2025-10-02,2025-10-14,$302.37
O2136,Gadget,2025-12-03,2025-12-12,$193.91
O2137,Thingamajig,2025-12-08,2025-09-12,$253.83
O2138,Doohickey,2026-05-20,2026-05-25,429.28
O2139,Thingamajig,2026-04-30,2026-05-13,412.37
O2140,Widget,2025-10-27,2025-11-01,$56.70
O2141,Widget,2026-01-28,2026-02-04,395.35
O2142,Gadget,2026-05-01,2026-05-07,204.86
O2143,Widget,2026-01-28,2026-01-30,186.7
O2144,Widget,2025-10-29,2025-08-11,243.49
O2145,Gadget,2026-02-16,2026-02-22,$261.55
O2146,Widget,2025-09-13,2025-09-17,217.69
O2147,Thingamajig,2025-08-24,2025-08-28,225.23
O2148,Gadget,2025-12-02,2025-12-11,417.84
O2149,Doohickey,2025-08-09,2025-08-11,$479.12
O2150,Gizmo,2025-11-30,2025-12-07,476.79
O2151,Gadget,2025-08-27,2025-08-30,$231.76
O2152,Gadget,2026-04-16,2026-04-22,55.16
O2153,Thingamajig,2026-03-01,2026-10-03,342.86
O2154,Thingamajig,2026-03-31,,11.58
O2155,Thingamajig,2026-06-08,2026-06-14,276.96
O2156,Gadget,2026-04-01,2026-03-04,222.73
O2157,Gizmo,2026-06-21,2026-06-27,$126.91
O2158,Doohickey,2026-07-05,2026-07-19,40.85
O2159,Doohickey,2026-01-03,2026-12-01,458.33
O2160,Doohickey,2025-09-13,2025-09-21,122.45
O2161,Thingamajig,2026-07-07,2026-07-09,$322.45
O2162,Gizmo,2025-10-18,2025-10-27,255.76
O2163,Thingamajig,2026-01-17,2026-01-31,$498.84
O2164,Doohickey,2026-07-03,2026-07-07,220.51
O2165,Thingamajig,2025-11-14,2025-11-20,214.75
O2166,Doohickey,2025-12-01,2025-12-15,22.86
O2167,Gadget,2026-03-04,2026-03-05,352.05
O2168,Thingamajig,2026-05-15,2026-05-19,60.05
O2169,Doohickey,2025-07-07,2025-07-13,184.32
O2170,Widget,2026-01-15,2026-01-17,381.33
O2171,Doohickey,2026-05-10,2026-12-05,158.78
O2172,Thingamajig,2025-08-04,2025-08-17,175.04
O2173,Thingamajig,2026-06-21,2026-06-30,137.56
O2174,Thingamajig,2025-10-11,2025-10-19,323.82
O2175,Widget,2025-09-23,2025-09-26,402.43
O2176,Gadget,2026-02-05,2026-02-12,158.02
O2177,Doohickey,2026-06-20,2026-07-01,431.74
O2178,Gadget,2025-09-04,2025-09-06,425.75
O2179,Thingamajig,2026-06-11,2026-06-15,170.23
O2180,Thingamajig,2025-08-30,2025-09-04,56.73
O2181,Widget,2026-02-17,2026-02-21,268.66
O2182,Doohickey,2026-02-06,2026-02-14,164.52
O2183,Widget,2026-04-08,2026-04-12,74.02
O2184,Gizmo,2025-10-28,2025-11-03,$374.90
O2185,Gizmo,2026-06-23,2026-06-24,406.47
O2186,Thingamajig,2025-08-19,2025-08-25,374.24
O2187,Thingamajig,2025-11-15,2025-11-25,$418.92
O2188,Thingamajig,2026-01-14,2026-01-23,$67.48
O2189,Gadget,2026-05-02,,$346.80
O2190,Doohickey,2025-08-18,2025-08-23,491.76
O2191,Gizmo,2026-03-05,2026-03-14,69.69
O2192,Gadget,2026-01-27,2026-02-02,309.83
O2193,Thingamajig,2025-11-03,2025-06-11,$447.09
O2194,Gadget,2026-05-18,2026-05-29,189.42
O2195,Gadget,2025-08-08,2025-10-08,64.69
O2196,Gizmo,2025-09-21,2025-09-24,$344.01
O2197,Thingamajig,2025-07-30,2025-07-31,491.23
O2198,Gadget,2026-04-29,2026-03-05,246.13
O2199,Gadget,2025-09-24,2025-10-07,$203.33
O2200,Widget,2026-04-03,2026-08-04,435.2
O2201,Gizmo,2025-11-24,2025-11-27,$493.14
O2202,Doohickey,2026-03-04,2026-03-09,52.89
O2203,Gadget,2026-01-08,2026-11-01,40.7
O2204,Gizmo,2026-06-05,2026-06-12,$362.58
O2205,Widget,2026-03-02,2026-03-15,$330.27
O2206,Gizmo,2025-10-02,2025-10-13,35.37
O2207,Gadget,2026-03-15,2026-03-25,263.16
O2208,Gizmo,2025-08-02,2025-08-14,413.99
O2209,Gizmo,2026-06-07,2026-06-14,140.47
O2210,Doohickey,2026-05-28,2026-10-06,252.49
O2211,Widget,2025-12-13,2025-12-26,470.26
O2212,Widget,2026-04-01,2026-04-11,206.45
O2213,Thingamajig,2026-04-14,2026-04-25,490.29
O2214,Widget,2026-03-19,2026-03-20,283.52
O2215,Doohickey,2026-03-28,2026-04-07,$236.04
O2216,Widget,2025-10-04,2025-10-06,59.06
O2217,Thingamajig,2026-04-14,2026-04-24,81.31
O2218,Gizmo,2025-09-27,2025-10-05,133.22
O2219,Gadget,2026-04-20,2026-05-01,48.37
O2220,Gadget,2026-04-14,2026-04-25,488.91
O2221,Thingamajig,2026-03-07,2026-03-12,341.27
O2222,Doohickey,2025-10-25,2025-10-26,267.3
O2223,Gadget,2025-11-28,2025-12-05,273.94
O2224,Thingamajig,2026-04-30,2026-05-09,204.25
O2225,Doohickey,2025-09-18,2025-09-20,311.26
O2226,Doohickey,2026-07-06,2026-07-08,30.41
O2227,Doohickey,2025-11-26,2025-11-27,72.28
O2228,Gizmo,2026-03-28,2026-04-01,289.26
O2229,Thingamajig,2026-05-19,2026-02-06,293.74
O2230,Gadget,2026-04-14,2026-04-19,$65.00
O2231,Thingamajig,2025-09-27,2025-10-04,$460.86
O2232,Gadget,2025-07-22,,$318.80
O2233,Doohickey,2025-07-10,2025-07-17,132.22
O2234,Gadget,2025-10-24,2025-11-02,$371.50
O2235,Gadget,2025-09-02,2025-09-07,277.72
O2236,Doohickey,2026-02-22,2026-03-05,$121.58
O2237,Widget,2026-06-20,2026-06-21,481.73
O2238,Thingamajig,2025-09-18,2025-09-26,409.47
O2239,Doohickey,2026-01-04,2026-01-08,424.58
O2240,Doohickey,2026-01-23,2026-01-24,390.04
O2241,Gizmo,2025-09-26,2025-10-07,422.74
O2242,Gizmo,2026-06-27,2026-06-29,304.02
O2243,Gadget,2026-04-05,2026-04-07,180.54
O2244,Thingamajig,2026-06-24,2026-07-07,$380.80
O2245,Gizmo,2025-11-17,2025-11-25,311.07
O2246,Widget,2025-09-04,2025-09-08,334.89
O2247,Gadget,2026-05-07,2026-05-09,486.99
O2248,Gizmo,2026-04-10,2026-04-11,174.08
O2249,Gizmo,2025-10-25,2025-10-27,329.88
O2250,Gadget,2026-06-29,2026-07-10,155.52
O2251,Thingamajig,2026-07-03,2026-07-07,459.05
O2252,Thingamajig,2025-08-03,2025-08-14,71.14
O2253,Gizmo,2025-12-05,2025-12-15,271.39
O2254,Gadget,2026-03-21,2026-03-28,326.71
O2255,Widget,2025-10-26,2025-07-11,$462.00
O2256,Gizmo,2026-03-14,2026-03-18,445.55
O2257,Gizmo,2025-08-07,2025-08-12,386.23
O2258,Gadget,2025-12-19,2026-01-01,269.5
O2259,Doohickey,2025-07-11,,206.59
O2260,Doohickey,2026-03-03,2026-03-05,169.53
O2261,Doohickey,2025-12-17,2025-12-28,$23.04
O2262,Thingamajig,2025-07-09,2025-07-23,164.01
O2263,Thingamajig,2025-07-08,2025-07-12,422.09
O2264,Doohickey,2026-05-17,2026-05-19,210.2
O2265,Widget,2025-07-25,,245.38
O2266,Thingamajig,2025-07-20,2025-08-02,165.59
O2267,Widget,2026-03-03,2026-06-03,221.02
O2268,Gizmo,2026-06-19,2026-06-29,$232.48
O2269,Doohickey,2026-05-07,2026-05-12,90.33
O2270,Thingamajig,2026-05-18,2026-05-19,454.43
O2271,Thingamajig,2025-12-03,2025-12-12,94.51
O2272,Thingamajig,2025-12-28,2026-02-01,93.68
O2273,Gizmo,2025-10-08,2025-10-10,357.71
O2274,Gadget,2026-04-15,2026-04-24,237.84
O2275,Gizmo,2025-10-15,2025-10-18,402.27
O2276,Doohickey,2025-09-03,2025-09-09,$301.87
O2277,Gadget,2025-10-31,2025-11-09,$481.18
O2278,Gadget,2026-05-17,2026-05-30,271.77
O2279,Gadget,2026-01-30,2026-02-11,$414.32
O2280,Gizmo,2026-02-18,2026-04-03,472.94
O2281,Widget,2026-05-16,2026-05-19,142.37
O2282,Gadget,2026-01-23,2026-01-24,274.4
O2283,Thingamajig,2025-11-24,2025-11-29,22.83
O2284,Widget,2026-05-16,2026-05-20,95.85
O2285,Gadget,2025-12-13,2025-12-17,346.88
O2286,Thingamajig,2026-03-27,2026-04-08,404.2
O2287,Thingamajig,2026-03-04,2026-10-03,39.98
O2288,Gadget,2025-10-01,2025-10-05,$484.83
O2289,Doohickey,2026-06-23,2026-06-28,448.17
O2290,Widget,2026-03-02,2026-03-11,92.01
O2291,Doohickey,2025-07-09,2025-11-07,337.56
O2292,Thingamajig,2026-06-15,2026-06-27,$363.76
O2293,Gizmo,2026-06-01,2026-12-06,150.57
O2294,Doohickey,2025-10-16,2025-10-27,295.44
O2295,Gizmo,2025-08-28,2025-08-29,184.66
O2296,Widget,2026-05-28,2026-06-11,388.2
O2297,Gizmo,2026-05-10,2026-05-13,440.93
O2298,Thingamajig,2026-05-14,2026-05-22,283.63
O2299,Gizmo,2025-11-18,2025-11-27,117.1
O2300,Widget,2025-10-04,2025-10-10,$17.19
O2301,Gizmo,2025-10-02,2025-10-14,455.56
O2302,Gadget,2026-03-12,2026-03-20,196.25
O2303,Thingamajig,2026-03-12,2026-03-19,369.04
O2304,Thingamajig,2025-10-22,2025-10-23,199.42
O2305,Thingamajig,2026-05-02,2026-05-16,$477.33
O2306,Widget,2026-07-07,2026-07-16,51.53
O2307,Thingamajig,2025-12-16,2025-12-20,81.78
O2308,Gizmo,2025-07-07,2025-07-12,47.97
O2309,Gizmo,2025-09-29,2025-09-30,$404.21
O2310,Doohickey,2026-01-19,2026-01-23,455.69
O2311,Thingamajig,2025-08-05,2025-08-16,193.02
O2312,Doohickey,2026-06-02,2026-10-06,251.34
O2313,Gizmo,2026-01-19,2026-01-31,162.19
O2314,Doohickey,2025-12-03,2025-08-12,281.71
O2315,Widget,2025-10-06,2025-10-17,143.55
O2316,Gadget,2025-12-09,2025-12-20,226.89
O2317,Widget,2026-04-18,2026-04-25,161.64
O2318,Widget,2025-12-08,2025-12-10,166.4
O2319,Gadget,2025-09-26,2025-10-10,235.91
O2320,Thingamajig,2025-10-19,2025-10-20,433.31
O2321,Doohickey,2025-08-07,2025-08-20,346.0
O2322,Gadget,2026-05-11,2026-05-19,475.58
O2323,Thingamajig,2026-03-15,2026-03-16,14.43
O2324,Gadget,2025-08-14,2025-08-26,360.55
O2325,Gizmo,2026-02-26,,$74.66
O2326,Gadget,2026-03-31,2026-04-08,438.74
O2327,Thingamajig,2025-07-26,2025-04-08,41.53
O2328,Doohickey,2025-10-09,2025-10-14,$270.66
O2329,Doohickey,2025-11-17,2025-11-28,278.45
O2330,Doohickey,2025-10-10,2025-10-13,$48.27
O2331,Doohickey,2025-08-12,2025-08-16,286.42
O2332,Gadget,2025-11-20,2025-11-30,487.1
O2333,Gizmo,2025-10-05,2025-10-13,325.52
O2334,Gizmo,2025-11-28,2025-12-09,21.32
O2335,Doohickey,2025-11-04,2025-11-13,425.58
O2336,Gizmo,2025-11-26,2025-02-12,38.96
O2337,Doohickey,2026-01-03,2026-04-01,330.42
O2338,Doohickey,2025-09-02,2025-09-15,$144.12
O2339,Widget,2026-05-12,2026-05-18,211.26
O2340,Widget,2026-01-22,2026-03-02,114.72
O2341,Widget,2025-11-29,2025-12-09,452.85
O2342,Widget,2026-06-27,2026-11-07,277.55
O2343,Widget,2025-09-07,2025-09-20,159.39
O2344,Gadget,2025-11-27,2025-04-12,438.94
O2345,Doohickey,2025-12-20,2025-12-29,$167.02
O2346,Widget,2026-02-26,2026-03-03,496.23
O2347,Widget,2025-11-24,2025-11-29,439.81
O2348,Doohickey,2026-06-25,2026-06-29,76.45
O2349,Gadget,2026-03-21,2026-03-27,249.69
O2350,Gadget,2025-10-20,2025-10-29,15.77
O2351,Gadget,2026-05-19,2026-05-27,314.46
O2352,Widget,2026-01-16,2026-01-30,62.06
O2353,Doohickey,2025-09-12,2025-09-14,150.48
O2354,Thingamajig,2026-06-27,2026-06-29,109.67
O2355,Widget,2026-01-22,2026-01-23,296.11
O2356,Doohickey,2025-07-26,2025-08-02,231.19
O2357,Gadget,2025-11-02,2025-11-03,$392.69
O2358,Doohickey,2025-08-14,2025-08-23,51.97
O2359,Gadget,2026-02-20,2026-02-23,480.46
O2360,Gizmo,2025-10-17,2025-10-27,454.75
O2361,Doohickey,2025-10-17,2025-10-23,$37.87
O2362,Gadget,2025-07-11,2025-07-15,201.17
O2363,Widget,2025-12-29,2026-12-01,339.95
O2364,Thingamajig,2026-03-16,2026-03-23,333.94
O2365,Gadget,2026-03-06,2026-03-09,461.09
O2366,Widget,2025-07-28,2025-07-29,$356.74
O2367,Gadget,2026-04-19,2026-04-25,305.15
O2368,Gizmo,2026-02-26,2026-09-03,$53.74
O2369,Thingamajig,2026-04-27,2026-05-03,43.46
O2370,Gadget,2025-07-12,2025-07-14,$358.83
O2371,Doohickey,2026-05-17,2026-05-30,46.72
O2372,Widget,2026-05-20,2026-05-30,419.69
O2373,Gizmo,2025-08-01,2025-10-08,376.7
O2374,Doohickey,2025-08-11,2025-08-15,$155.51
O2375,Thingamajig,2026-04-15,2026-04-29,72.16
O2376,Widget,2026-05-02,2026-05-03,261.7
O2377,Widget,2026-03-18,2026-03-25,448.04
O2378,Gadget,2026-05-09,,39.43
O2379,Gadget,2025-12-11,2025-12-25,431.68
O2380,Gadget,2025-12-15,2025-12-23,269.49
O2381,Gadget,2026-03-28,2026-07-04,361.93
O2382,Doohickey,2025-11-27,2025-12-03,213.9
O2383,Thingamajig,2025-11-10,2025-11-22,283.46
O2384,Doohickey,2026-04-06,2026-04-11,$142.04
O2385,Widget,2026-04-25,2026-05-04,$95.32
O2386,Widget,2025-07-29,2025-08-05,474.84
O2387,Gizmo,2025-12-17,2025-12-24,$153.66
O2388,Gizmo,2025-11-12,2025-11-19,110.69
O2389,Thingamajig,2026-02-03,2026-02-15,363.53
O2390,Thingamajig,2025-11-20,2025-12-02,73.03
O2391,Widget,2026-02-15,2026-02-28,280.77
O2392,Widget,2025-10-18,2025-10-30,$462.21
O2393,Gadget,2026-05-07,2026-08-05,94.61
O2394,Doohickey,2025-10-27,2025-02-11,186.88
O2395,Thingamajig,2026-05-20,2026-05-25,350.86
O2396,Gizmo,2026-03-02,2026-03-05,298.2
O2397,Widget,2025-12-25,2026-01-03,16.22
O2398,Gadget,2025-09-04,2025-09-09,222.64
O2399,Widget,2025-12-28,2026-01-11,232.68
O2400,Doohickey,2026-02-14,2026-02-18,78.81
O2401,Thingamajig,2026-03-28,2026-04-04,174.58
O2402,Gadget,2026-05-19,2026-05-20,99.11
O2403,Thingamajig,2026-01-15,2026-01-16,275.41
O2404,Gizmo,2025-08-09,2025-08-15,48.36
O2405,Thingamajig,2025-07-07,2025-07-10,12.53
O2406,Widget,2025-12-11,2025-12-22,191.03
O2407,Gadget,2025-07-12,2025-07-14,$50.10
O2408,Doohickey,2025-11-08,2025-11-20,$440.27
O2409,Gizmo,2025-09-15,2025-09-29,94.77
O2410,Thingamajig,2025-08-04,2025-08-14,416.17
O2411,Gizmo,2026-02-03,2026-02-17,$88.51
O2412,Gadget,2026-02-14,2026-02-25,438.85
O2413,Gizmo,2025-07-27,2025-07-29,473.18
O2414,Doohickey,2026-05-24,2026-06-04,367.87
O2415,Gizmo,2025-10-24,2025-03-11,$411.50
O2416,Widget,2026-01-18,2026-01-19,427.07
O2417,Gadget,2025-11-12,2025-11-16,254.18
O2418,Gizmo,2025-11-22,2025-11-24,96.79
O2419,Widget,2026-01-03,2026-01-08,213.79
O2420,Gadget,2026-02-27,2026-03-03,164.37
O2421,Doohickey,2026-04-08,2026-04-10,256.1
O2422,Gadget,2026-05-27,2026-06-02,52.84
O2423,Thingamajig,2026-06-01,2026-06-05,168.26
O2424,Gadget,2026-01-10,,185.86
O2425,Gadget,2026-01-16,2026-01-28,165.38
O2426,Widget,2025-11-03,2025-11-16,329.89
O2427,Gadget,2025-09-16,2025-09-22,453.12
O2428,Doohickey,2026-05-13,2026-05-22,444.75
O2429,Widget,2026-06-03,,448.14
O2430,Gadget,2025-08-02,2025-08-09,262.02
O2431,Gizmo,2026-02-09,2026-02-19,428.14
O2432,Gizmo,2025-10-01,2025-10-02,395.68
O2433,Thingamajig,2026-03-30,2026-04-03,374.37
O2434,Doohickey,2026-06-14,2026-06-17,230.24
O2435,Widget,2025-09-25,2025-10-02,360.26
O2436,Thingamajig,2026-04-28,2026-04-29,298.2
O2437,Thingamajig,2025-12-06,2025-12-16,164.32
O2438,Gadget,2026-05-11,2026-05-16,299.56
O2439,Gadget,2026-02-14,2026-02-26,$122.05
O2440,Gadget,2025-10-05,2025-10-09,117.44
O2441,Gadget,2026-06-18,2026-06-26,103.76
O2442,Gizmo,2025-12-10,2025-12-17,461.03
O2443,Gizmo,2025-07-18,2025-07-28,52.93
O2444,Gizmo,2025-11-05,2025-11-06,218.49
O2445,Gizmo,2025-12-29,2026-09-01,263.45
O2446,Thingamajig,2026-06-23,2026-06-24,137.02
O2447,Thingamajig,2026-05-02,2026-05-08,95.22
O2448,Doohickey,2025-08-04,2025-07-08,134.44
O2449,Thingamajig,2026-02-16,2026-02-17,$174.83
O2450,Gadget,2026-05-26,2026-06-03,453.95
O2451,Doohickey,2025-10-20,2025-10-31,263.15
O2452,Widget,2026-03-19,2026-03-24,$256.53
O2453,Doohickey,2025-08-16,2025-08-22,353.16
O2454,Widget,2025-10-27,2025-10-30,191.84
O2455,Doohickey,2026-02-12,2026-02-15,476.44
O2456,Widget,2025-12-30,2025-12-31,$256.23
O2457,Thingamajig,2025-09-13,2025-09-21,152.85
O2458,Gadget,2025-07-11,2025-07-15,484.49
O2459,Doohickey,2026-03-29,2026-12-04,$446.49
O2460,Doohickey,2025-11-14,2025-11-15,202.48
O2461,Gizmo,2026-02-06,2026-02-09,286.07
O2462,Gizmo,2025-11-09,2025-11-13,11.49
O2463,Thingamajig,2025-09-25,2025-10-05,59.51
O2464,Gadget,2026-03-21,2026-04-02,275.01
O2465,Gizmo,2026-05-17,2026-05-28,91.2
O2466,Gadget,2026-01-21,2026-01-23,423.1
O2467,Gadget,2026-05-16,,434.43
O2468,Widget,2026-06-10,2026-06-17,156.87
O2469,Gadget,2025-09-06,2025-09-16,312.11
O2470,Gadget,2026-05-16,2026-05-29,205.77
O2471,Doohickey,2025-12-05,2025-12-08,451.8
O2472,Doohickey,2025-08-23,2025-09-01,465.02
O2473,Gizmo,2026-01-30,2026-02-02,152.99
O2474,Widget,2026-04-11,2026-04-24,$228.82
O2475,Doohickey,2025-07-14,2025-07-18,406.2
O2476,Widget,2025-08-11,2025-08-18,109.79
O2477,Thingamajig,2026-05-06,2026-05-13,344.11
O2478,Doohickey,2025-12-12,2025-12-22,$378.29
O2479,Gadget,2025-08-14,2025-08-28,83.52
O2480,Widget,2026-06-26,2026-05-07,499.01
O2481,Doohickey,2026-03-19,2026-03-21,364.71
O2482,Doohickey,2025-08-08,2025-08-12,452.28
O2483,Doohickey,2026-07-06,2026-07-08,452.72
O2484,Gizmo,2025-10-22,2025-10-31,41.66
O2485,Gadget,2026-01-06,2026-01-10,138.65
O2486,Gadget,2025-12-31,2026-01-10,256.56
O2487,Widget,2026-02-05,2026-02-15,37.61
O2488,Doohickey,2026-03-16,2026-03-28,$451.36
O2489,Doohickey,2026-05-30,2026-03-06,$130.72
O2490,Gadget,2025-08-22,2025-08-26,495.33
O2491,Widget,2025-09-25,2025-09-30,97.43
O2492,Gizmo,2025-10-25,2025-11-01,$70.45
O2493,Thingamajig,2026-07-06,2026-07-15,173.61
O2494,Gadget,2026-06-08,2026-06-18,$11.60
O2495,Widget,2026-01-09,2026-01-13,$404.71
O2496,Gizmo,2026-06-12,2026-06-16,$332.29
O2497,Doohickey,2026-01-15,2026-01-23,267.53
O2498,Doohickey,2026-02-14,2026-02-19,164.29
O2499,Gadget,2026-07-05,2026-07-10,417.33
