"",observation_date,CPIAUCSL,date,1 mo,2 mo,3 mo,4 mo,6 mo,1 yr,2 yr,3 yr,5 yr,7 yr,10 yr,20 yr,30 yr,COMPU1UNSA,COMPU5MUNSA,COMPU24UNSA,COMPUTNSA,Unnamed: 0,Monthly Nominal GDP Index,Monthly Real GDP Index
0,1992-01,,1992-01,,,,,,,,,,,,,,59.7,11.4,3.1,74.2,1992 - Jan,6310.1770361833,10168.5012331398
1,1992-02,,1992-02,,,,,,,,,,,,,,63.4,10.1,3.3,76.8,1992 - Feb,6352.47528352062,10216.039265172
2,1992-03,,1992-03,,,,,,,,,,,,,,70.5,10.8,1.6,82.9,1992 - Mar,6426.65368029427,10322.8951953636
3,1992-04-01,139.4,1992-04,,,4.11,,4.26,4.48,5.53,6.07,6.82,7.17,7.46,,7.9,67.3,12.5,2.7,82.5,1992 - Apr,6443.69544969042,10314.5995807539
4,1992-05-01,139.7,1992-05,,,3.72,,3.89,4.28,5.33,5.97,6.82,7.2,7.56,,8.01,79.7,11.3,3.4,94.4,1992 - May,6429.30243222912,10285.8780458385
5,1992-06-01,140.1,1992-06,,,3.82,,4.01,4.32,5.29,5.84,6.69,7.06,7.39,,7.9,86.5,15.0,3.5,105.0,1992 - Jun,6539.29111808101,10439.863909224
6,1992-07-01,140.5,1992-07,,,3.63,,3.75,4.04,4.82,5.38,6.27,6.73,7.1,,7.76,86.8,15.3,3.2,105.3,1992 - Jul,6558.36328780802,10452.6023410728
7,1992-08,,1992-08,,,,,,,,,,,,,,86.9,16.1,2.8,105.8,1992 - Aug,6553.7822950013,10425.7710017241
8,1992-09-01,141.1,1992-09,,,3.22,,3.32,3.45,4.12,4.64,5.52,6.11,6.56,,7.38,88.8,13.9,2.8,105.5,1992 - Sep,6587.77741719968,10468.7344847547
9,1992-10-01,141.7,1992-10,,,2.67,,2.83,2.96,3.67,4.18,5.18,5.8,6.23,,7.3,93.3,12.3,2.6,108.2,1992 - Oct,6637.68269020748,10525.1412612803
10,1992-11,,1992-11,,,,,,,,,,,,,,84.6,14.3,3.1,102.0,1992 - Nov,6676.68043325496,10549.405950689
11,1992-12-01,142.3,1992-12,,,3.4,,3.59,3.86,4.81,5.39,6.24,6.61,6.94,,7.57,96.2,14.9,3.8,114.9,1992 - Dec,6728.04587654264,10599.3541919476
12,1993-01,,1993-01,,,,,,,,,,,,,,69.6,9.7,1.4,80.7,1993 - Jan,6705.78871634957,10558.1359973637
13,1993-02-01,143.1,1993-02,,,3.01,,3.17,3.4,4.19,4.69,5.55,5.97,6.38,,7.21,69.1,11.4,1.1,81.6,1993 - Feb,6738.17012322826,10588.900085354
14,1993-03-01,143.3,1993-03,,,3.03,,3.14,3.3,3.88,4.31,5.12,5.58,5.94,,6.83,73.4,7.4,1.6,82.4,1993 - Mar,6744.41816042666,10579.7390118841
15,1993-04-01,143.8,1993-04,,,2.96,,3.09,3.32,3.94,4.41,5.24,5.74,6.06,,6.97,78.8,10.2,1.8,90.8,1993 - Apr,6766.20165887205,10593.2142829251
16,1993-05,,1993-05,,,,,,,,,,,,,,79.5,9.1,1.7,90.3,1993 - May,6816.96659214508,10647.5059282071
17,1993-06-01,144.3,1993-06,,,3.14,,3.3,3.55,4.16,4.54,5.28,5.71,6.07,,6.88,88.4,13.8,2.5,104.7,1993 - Jun,6843.64874898123,10670.7256154098
18,1993-07-01,144.5,1993-07,,,3.06,,3.19,3.41,3.99,4.37,5.04,5.46,5.8,,6.69,81.5,9.4,2.8,93.7,1993 - Jul,6833.24440339119,10632.1203354507
19,1993-08,,1993-08,,,,,,,,,,,,,,97.5,15.5,2.7,115.7,1993 - Aug,6874.67238580395,10675.4023136856
20,1993-09-01,145.0,1993-09,,,3.08,,3.19,3.36,3.88,4.21,4.81,5.12,5.46,,6.09,96.3,9.2,2.2,107.7,1993 - Sep,6938.37721080176,10756.1663630966
21,1993-10-01,145.6,1993-10,,,2.98,,3.11,3.35,3.84,4.18,4.72,5.03,5.34,6.12,5.98,103.1,11.3,3.6,118.0,1993 - Oct,6942.10747129761,10749.0525766868
22,1993-11-01,146.0,1993-11,,,3.18,,3.36,3.53,4.11,4.42,4.96,5.32,5.56,6.19,6.02,95.2,8.4,2.7,106.3,1993 - Nov,7036.69748813431,10861.3331430305
23,1993-12-01,146.3,1993-12,,,3.19,,3.37,3.62,4.2,4.54,5.14,5.52,5.82,6.44,6.28,107.1,11.7,2.0,120.8,1993 - Dec,7062.40904057411,10889.466655541
24,1994-01,,1994-01,,,,,,,,,,,,,,76.6,7.8,2.1,86.5,1994 - Jan,7069.26624231307,10878.2339997869
25,1994-02-01,146.7,1994-02,,,3.1,,3.29,3.6,4.2,4.53,5.1,5.43,5.77,6.37,6.31,79.6,8.1,1.9,89.6,1994 - Feb,7118.61065622255,10940.7406614838
26,1994-03-01,147.1,1994-03,,,3.58,,3.82,4.16,4.81,5.19,5.74,6.08,6.28,6.86,6.79,82.0,8.7,3.4,94.1,1994 - Mar,7159.07910146146,10996.2862236422
27,1994-04,,1994-04,,,,,,,,,,,,,,90.5,10.4,2.7,103.6,1994 - Apr,7182.15061831326,11011.9332339791
28,1994-05,,1994-05,,,,,,,,,,,,,,100.7,11.7,3.2,115.6,1994 - May,7286.19798130615,11121.5204627283
29,1994-06-01,147.9,1994-06,,,4.28,,4.83,5.36,5.98,6.33,6.74,6.95,7.12,7.52,7.39,99.4,15.2,2.5,117.1,1994 - Jun,7272.44440038136,11126.4469874069
30,1994-07-01,148.4,1994-07,,,4.32,,4.84,5.5,6.19,6.53,6.95,7.19,7.34,7.74,7.62,98.5,8.4,2.0,108.9,1994 - Jul,7296.18504016844,11113.2665712664
31,1994-08-01,149.0,1994-08,,,4.45,,4.93,5.4,6.03,6.35,6.75,6.94,7.13,7.47,7.41,103.8,17.7,2.5,124.0,1994 - Aug,7352.24979062237,11194.0612902694
32,1994-09-01,149.3,1994-09,,,4.67,,4.99,5.56,6.15,6.44,6.81,7.01,7.19,7.6,7.46,106.1,19.3,3.1,128.5,1994 - Sep,7344.7901692028,11147.1411062989
33,1994-10,,1994-10,,,,,,,,,,,,,,112.4,15.7,2.4,130.5,1994 - Oct,7431.5514032928,11250.263669629
34,1994-11-01,149.8,1994-11,,,5.22,,5.75,6.25,6.93,7.21,7.58,7.75,7.91,8.2,8.06,97.7,15.9,2.8,116.4,1994 - Nov,7431.01780682548,11238.1641209725
35,1994-12-01,150.1,1994-12,,,5.71,,6.26,6.94,7.42,7.63,7.8,7.87,7.92,8.12,8.02,113.1,16.2,3.0,132.3,1994 - Dec,7503.29478988826,11349.8013443815
36,1995-01,,1995-01,,,,,,,,,,,,,,84.8,12.3,3.1,100.2,1995 - Jan,7535.36811092129,11345.9804022019
37,1995-02-01,150.9,1995-02,,,6.07,,6.49,6.97,7.33,7.44,7.56,7.65,7.66,7.85,7.75,71.9,11.4,2.8,86.1,1995 - Feb,7478.54405085322,11257.0308377518
38,1995-03-01,151.2,1995-03,,,5.94,,6.21,6.44,6.81,6.92,7.06,7.17,7.23,7.57,7.45,89.1,13.2,2.8,105.1,1995 - Mar,7552.95483822322,11355.7628202411
39,1995-04,,1995-04,,,,,,,,,,,,,,82.1,16.3,3.1,101.5,1995 - Apr,7534.62477592749,11290.2466729907
40,1995-05-01,152.1,1995-05,,,5.91,,6.11,6.32,6.62,6.75,6.9,6.96,7.09,7.43,7.35,86.8,18.4,2.6,107.8,1995 - May,7560.37551675868,11326.7818282098
41,1995-06-01,152.4,1995-06,,,5.67,,5.71,5.68,5.71,5.78,5.94,6.04,6.2,6.64,6.61,89.4,16.6,2.7,108.7,1995 - Jun,7647.99070732477,11443.5924702103
42,1995-07,,1995-07,,,,,,,,,,,,,,88.2,23.1,4.2,115.5,1995 - Jul,7628.95203105424,11377.5396836295
43,1995-08-01,152.9,1995-08,,,5.61,,5.67,5.71,5.94,6.08,6.22,6.4,6.5,6.95,6.92,92.1,21.0,2.4,115.5,1995 - Aug,7677.22165182459,11445.8952622392
44,1995-09-01,153.1,1995-09,,,5.45,,5.52,5.6,5.78,5.89,6.0,6.14,6.22,6.67,6.61,91.9,21.2,2.4,115.5,1995 - Sep,7743.2013171142,11527.1249463952
45,1995-10,,1995-10,,,,,,,,,,,,,,100.1,23.0,2.3,125.4,1995 - Oct,7754.52809639787,11491.2712841201
46,1995-11-01,153.7,1995-11,,,5.48,,5.49,5.46,5.52,5.62,5.74,5.86,5.98,6.36,6.29,92.6,19.4,4.0,116.0,1995 - Nov,7746.17291149858,11496.5186704301
47,1995-12-01,153.9,1995-12,,,5.45,,5.44,5.33,5.32,5.37,5.49,5.63,5.71,6.16,6.1,96.6,16.4,2.3,115.3,1995 - Dec,7817.05699210453,11596.7535672533
48,1996-01,,1996-01,,,,,,,,,,,,,,79.4,17.9,2.0,99.3,1996 - Jan,7836.01081612066,11577.9860495361
49,1996-02-01,155.0,1996-02,,,5.03,,4.98,4.88,4.93,5.05,5.24,5.47,5.63,6.11,6.08,72.3,16.6,2.1,91.0,1996 - Feb,7847.26370894683,11591.4096356832
50,1996-03-01,155.5,1996-03,,,4.98,,4.94,5.07,5.26,5.4,5.6,5.86,5.99,6.48,6.38,83.7,17.1,2.3,103.1,1996 - Mar,7922.12947493232,11675.1703288898
51,1996-04-01,156.1,1996-04,,,5.2,,5.26,5.41,5.79,5.91,6.09,6.28,6.31,6.82,6.66,80.3,19.4,2.2,101.9,1996 - Apr,8026.00993674997,11819.5556844401
52,1996-05-01,156.4,1996-05,,,5.11,,5.29,5.6,6.03,6.19,6.39,6.58,6.68,7.08,6.91,91.9,20.7,2.0,114.6,1996 - May,8008.35351181547,11775.5858597666
53,1996-06,,1996-06,,,,,,,,,,,,,,98.0,25.9,2.0,125.9,1996 - Jun,8064.15655143815,11830.7345489322
54,1996-07-01,157.0,1996-07,,,5.27,,5.43,5.74,6.15,6.33,6.49,6.61,6.74,7.03,6.91,97.6,25.9,2.8,126.3,1996 - Jul,8107.72876670493,11888.5384690799
55,1996-08-01,157.2,1996-08,,,5.25,,5.41,5.74,6.08,6.25,6.41,6.52,6.65,6.94,6.84,104.1,26.1,3.9,134.1,1996 - Aug,8116.23212639885,11899.5184682692
56,1996-09,,1996-09,,,,,,,,,,,,,,99.6,19.0,3.5,122.1,1996 - Sep,8170.26310689787,11955.2270484458
57,1996-10-01,158.2,1996-10,,,5.1,,5.35,5.65,6.03,6.22,6.39,6.54,6.65,6.99,6.88,108.5,19.4,2.0,129.9,1996 - Oct,8260.3009556244,12052.9910256621
58,1996-11-01,158.7,1996-11,,,5.17,,5.3,5.46,5.79,5.93,6.11,6.26,6.38,6.75,6.68,99.2,19.1,4.4,122.7,1996 - Nov,8272.19958669286,12047.6780585756
59,1996-12,,1996-12,,,,,,,,,,,,,,113.9,24.2,3.7,141.8,1996 - Dec,8246.8124576883,12013.8157964169
60,1997-01,,1997-01,,,,,,,,,,,,,,78.9,15.5,1.3,95.7,1997 - Jan,8309.87437983391,12086.6844530029
61,1997-02,,1997-02,,,,,,,,,,,,,,84.8,16.7,3.3,104.8,1997 - Feb,8387.0784918714,12172.7335422938
62,1997-03,,1997-03,,,,,,,,,,,,,,87.4,18.6,3.6,109.6,1997 - Mar,8391.01212829698,12088.2059557122
63,1997-04-01,159.9,1997-04,,,5.32,,5.53,6.0,6.42,6.58,6.74,6.87,6.9,7.21,7.09,86.8,19.8,4.2,110.8,1997 - Apr,8509.64358422234,12357.4329519183
64,1997-05-01,159.9,1997-05,,,5.24,,5.55,5.89,6.27,6.41,6.55,6.65,6.69,7.02,6.93,90.1,20.4,3.1,113.6,1997 - May,8478.81859528481,12244.1332874074
65,1997-06,,1997-06,,,,,,,,,,,,,,94.2,17.0,2.6,113.8,1997 - Jun,8568.0128204857,12351.3279262061
66,1997-07-01,160.4,1997-07,,,5.18,,5.31,5.64,6.02,6.19,6.33,6.42,6.45,6.8,6.74,89.2,20.5,3.1,112.8,1997 - Jul,8621.27187287997,12451.0210295743
67,1997-08-01,160.8,1997-08,,,5.28,,5.4,5.52,5.89,5.99,6.08,6.17,6.2,6.52,6.46,94.3,23.8,3.1,121.2,1997 - Aug,8655.04502902286,12481.0919408942
68,1997-09,,1997-09,,,,,,,,,,,,,,103.5,22.1,3.7,129.3,1997 - Sep,8712.15209810152,12482.191795544
69,1997-10-01,161.5,1997-10,,,5.1,,5.27,5.44,5.75,5.83,5.93,6.05,6.04,6.38,6.33,100.3,25.2,3.3,128.8,1997 - Oct,8748.00907673332,12562.7375683337
70,1997-11,,1997-11,,,,,,,,,,,,,,100.6,20.7,2.1,123.4,1997 - Nov,8737.16446670674,12536.9782268779
71,1997-12-01,161.8,1997-12,,,5.27,,5.42,5.56,5.78,5.8,5.83,5.88,5.86,6.13,6.04,106.2,26.8,3.5,136.5,1997 - Dec,8812.54745655767,12634.0237266911
72,1998-01,,1998-01,,,,,,,,,,,,,,71.3,18.4,1.8,91.5,1998 - Jan,8770.13643114895,12567.4813362169
73,1998-02,,1998-02,,,,,,,,,,,,,,76.8,17.9,3.0,97.7,1998 - Feb,8896.28806823093,12756.1930086126
74,1998-03,,1998-03,,,,,,,,,,,,,,85.5,21.6,4.1,111.2,1998 - Mar,8933.01550061588,12788.7357304709
75,1998-04-01,162.2,1998-04,,,5.12,,5.24,5.37,5.55,5.58,5.59,5.68,5.62,5.98,5.9,90.8,21.1,3.4,115.3,1998 - Apr,8926.11560093211,12762.4534602343
76,1998-05-01,162.6,1998-05,,,5.02,,5.27,5.41,5.59,5.62,5.63,5.72,5.67,6.02,5.94,89.9,25.0,4.0,118.9,1998 - May,8953.51937751625,12795.5785386947
77,1998-06-01,162.8,1998-06,,,5.08,,5.3,5.4,5.52,5.51,5.53,5.59,5.53,5.87,5.78,100.5,23.9,3.3,127.7,1998 - Jun,9029.46202155656,12906.931318502
78,1998-07-01,163.2,1998-07,,,5.09,,5.22,5.37,5.46,5.47,5.43,5.5,5.44,5.73,5.63,103.1,27.7,2.8,133.6,1998 - Jul,9050.77935090099,12881.2191019266
79,1998-08,,1998-08,,,,,,,,,,,,,,104.6,30.2,3.8,138.6,1998 - Aug,9099.74530960837,12946.3955122377
80,1998-09-01,163.5,1998-09,,,4.92,,4.97,4.87,4.86,4.83,4.91,5.06,5.05,5.49,5.34,107.6,20.1,3.2,130.9,1998 - Sep,9212.76633949589,13121.3519967512
81,1998-10-01,163.9,1998-10,,,4.23,,4.36,4.28,4.17,4.1,4.1,4.26,4.33,5.09,4.9,108.1,21.0,4.2,133.3,1998 - Oct,9264.28083880392,13162.2160020174
82,1998-11,,1998-11,,,,,,,,,,,,,,111.5,23.9,3.6,139.0,1998 - Nov,9306.27201467906,13217.7074313924
83,1998-12-01,164.4,1998-12,,,4.49,,4.51,4.46,4.44,4.44,4.43,4.63,4.67,5.32,5.06,110.0,22.9,3.7,136.6,1998 - Dec,9311.42014652019,13195.750378231
84,1999-01,,1999-01,,,,,,,,,,,,,,88.0,20.3,4.1,112.4,1999 - Jan,9358.64508901763,13224.971304427
85,1999-02-01,164.7,1999-02,,,4.53,,4.56,4.58,4.65,4.65,4.65,4.82,4.75,5.45,5.19,82.6,15.3,2.6,100.5,1999 - Feb,9410.55637167435,13326.9287936263
86,1999-03-01,164.8,1999-03,,,4.71,,4.79,4.91,5.2,5.28,5.32,5.49,5.4,5.94,5.67,101.2,22.9,4.1,128.2,1999 - Mar,9465.84453931855,13395.595274601
87,1999-04-01,165.9,1999-04,,,4.44,,4.51,4.73,5.01,5.08,5.15,5.4,5.27,5.96,5.67,98.2,21.9,2.2,122.3,1999 - Apr,9494.98324979129,13394.9317478327
88,1999-05,,1999-05,,,,,,,,,,,,,,106.0,24.8,1.6,132.4,1999 - May,9538.19284582246,13444.7955565476
89,1999-06-01,166.0,1999-06,,,4.77,,4.97,5.09,5.54,5.63,5.74,5.99,5.78,6.27,5.94,112.7,26.5,3.6,142.8,1999 - Jun,9545.45390438422,13441.3245631691
90,1999-07-01,166.7,1999-07,,,4.68,,5.01,5.09,5.58,5.65,5.73,5.98,5.85,6.32,6.02,102.6,30.3,4.4,137.3,1999 - Jul,9662.57758258542,13567.2570369072
91,1999-08,,1999-08,,,,,,,,,,,,,,108.4,31.7,2.3,142.4,1999 - Aug,9662.80508411878,13604.7397170038
92,1999-09-01,167.8,1999-09,,,4.97,,5.21,5.3,5.74,5.82,5.88,6.2,5.99,6.5,6.08,116.2,27.7,2.5,146.4,1999 - Sep,9734.49533328543,13643.0806607344
93,1999-10-01,168.1,1999-10,,,4.88,,5.01,5.3,5.73,5.83,5.9,6.22,6.0,6.57,6.15,114.4,27.3,2.5,144.2,1999 - Oct,9822.69628930456,13724.7979049964
94,1999-11-01,168.4,1999-11,,,5.16,,5.32,5.47,5.83,5.93,6.0,6.23,6.06,6.55,6.19,116.0,21.8,2.4,140.2,1999 - Nov,9888.48079563303,13808.8419709752
95,1999-12-01,168.8,1999-12,,,5.27,,5.58,5.73,6.04,6.11,6.14,6.32,6.21,6.65,6.3,124.0,28.9,3.0,155.9,1999 - Dec,9989.32991507228,13950.726624834
96,2000-01,,2000-01,,,,,,,,,,,,,,88.7,19.9,1.4,110.0,2000 - Jan,9924.9832217039,13813.4169644436
97,2000-02-01,170.0,2000-02,,,5.71,,5.95,6.3,6.6,6.63,6.68,6.71,6.62,6.66,6.43,92.2,21.8,2.1,116.1,2000 - Feb,9994.17073517741,13869.8660654394
98,2000-03-01,171.0,2000-03,,,5.76,,6.02,6.17,6.52,6.54,6.59,6.63,6.39,6.48,6.16,100.8,27.6,2.2,130.6,2000 - Mar,10087.3830431165,13951.6880805325
99,2000-04,,2000-04,,,,,,,,,,,,,,100.7,21.4,2.3,124.4,2000 - Apr,10225.6711398081,14134.3795660657
100,2000-05-01,171.2,2000-05,,,6.0,,6.25,6.24,6.73,6.68,6.59,6.55,6.29,6.33,5.98,108.1,26.2,2.2,136.5,2000 - May,10233.2229619198,14115.1876013143
101,2000-06-01,172.2,2000-06,,,5.74,,6.27,6.32,6.61,6.56,6.44,6.44,6.2,6.33,5.95,102.9,28.0,2.6,133.5,2000 - Jun,10284.2658982795,14143.5711836451
102,2000-07,,2000-07,,,,,,,,,,,,,,98.2,26.8,1.9,126.9,2000 - Jul,10235.6121969591,14058.6857177913
103,2000-08-01,172.7,2000-08,,,6.25,,6.39,6.09,6.27,6.2,6.12,6.14,6.0,6.09,5.74,108.9,32.6,2.5,144.0,2000 - Aug,10336.1690399319,14171.5930306797
104,2000-09-01,173.6,2000-09,,,6.27,,6.32,6.18,6.09,6.01,5.92,5.91,5.68,5.95,5.67,105.8,27.4,2.3,135.5,2000 - Sep,10382.7137631109,14205.9873356567
105,2000-10,,2000-10,,,,,,,,,,,,,,107.6,26.0,3.3,136.9,2000 - Oct,10435.2779333114,14247.3486982788
106,2000-11-01,174.2,2000-11,,,6.37,,6.35,6.1,5.88,5.82,5.79,5.83,5.74,6.0,5.78,110.7,21.5,2.9,135.1,2000 - Nov,10445.748006148,14232.9772764129
107,2000-12-01,174.6,2000-12,,,6.23,,6.19,5.93,5.62,5.55,5.46,5.56,5.52,5.82,5.64,117.1,25.4,1.6,144.1,2000 - Dec,10426.2060605315,14209.9843521784
108,2001-01,,2001-01,,,,,,,,,,,,,,77.1,21.5,1.4,100.0,2001 - Jan,10468.6969930761,14215.846812513
109,2001-02-01,176.0,2001-02,,,5.0,,4.81,4.56,4.55,4.59,4.78,5.01,5.1,5.55,5.46,83.3,21.0,1.8,106.1,2001 - Feb,10462.9752027281,14185.2334425739
110,2001-03-01,176.1,2001-03,,,4.84,,4.68,4.45,4.41,4.48,4.67,4.88,4.87,5.45,5.29,93.4,18.4,2.6,114.4,2001 - Mar,10479.0208041897,14149.7831197474
111,2001-04,,2001-04,,,,,,,,,,,,,,95.4,23.9,2.2,121.5,2001 - Apr,10566.0162544605,14260.7724583896
112,2001-05-01,177.3,2001-05,,,3.92,,3.92,3.91,4.23,4.5,4.94,5.17,5.3,5.87,5.75,99.6,18.2,4.2,122.0,2001 - May,10639.1166515869,14326.8296873816
113,2001-06-01,177.7,2001-06,,,3.67,,3.61,3.67,4.22,4.49,4.94,5.24,5.39,5.89,5.71,110.8,29.0,4.1,143.9,2001 - Jun,10591.8670939449,14229.1119230113
114,2001-07,,2001-07,,,,,,,,,,,,,,105.8,25.8,3.1,134.7,2001 - Jul,10585.3571695822,14183.6947102684
115,2001-08-01,177.4,2001-08,3.65,,3.53,,3.47,3.56,3.83,4.09,4.62,4.9,5.11,5.63,5.53,113.0,32.3,3.2,148.5,2001 - Aug,10698.9633613798,14346.9015532442
116,2001-09,,2001-09,,,,,,,,,,,,,,113.0,21.6,2.6,137.2,2001 - Sep,10509.7394690362,14114.4836870236
117,2001-10-01,177.6,2001-10,2.26,,2.37,,2.37,2.47,2.82,3.18,3.9,4.33,4.55,5.39,5.38,121.2,20.1,2.3,143.6,2001 - Oct,10640.8375785455,14236.5486257951
118,2001-11-01,177.5,2001-11,2.18,,2.06,,1.99,2.1,2.49,2.91,3.66,4.01,4.24,5.0,4.79,112.3,21.8,2.6,136.7,2001 - Nov,10588.6473556872,14160.6994126183
119,2001-12,,2001-12,,,,,,,,,,,,,,131.1,27.3,3.9,162.3,2001 - Dec,10751.910065772,14365.3025941736
120,2002-01,,2002-01,,,,,,,,,,,,,,91.0,18.8,2.5,112.3,2002 - Jan,10785.8097799036,14407.245223559
121,2002-02-01,178.0,2002-02,1.69,,1.76,,1.87,2.22,3.08,3.62,4.37,4.78,5.02,5.63,5.4,94.9,18.5,1.8,115.2,2002 - Feb,10749.045445848,14322.9318352968
122,2002-03-01,178.5,2002-03,1.78,,1.77,,1.91,2.33,3.18,3.73,4.43,4.82,4.98,5.7,,103.0,16.8,1.4,121.2,2002 - Mar,10815.6447742419,14390.0730962952
123,2002-04-01,179.3,2002-04,1.79,,1.79,,2.16,2.76,3.74,4.29,4.93,5.29,5.44,6.04,,98.3,25.8,3.2,127.3,2002 - Apr,10857.7404815941,14443.9194190013
124,2002-05-01,179.5,2002-05,1.76,,1.77,,1.91,2.33,3.21,3.78,4.49,4.86,5.08,5.71,,110.5,23.5,5.4,139.4,2002 - May,10870.0993390582,14442.5691973068
125,2002-06,,2002-06,,,,,,,,,,,,,,110.2,25.0,3.0,138.2,2002 - Jun,10934.540179352,14497.9253388441
126,2002-07-01,180.0,2002-07,1.71,,1.72,,1.78,2.09,2.88,3.35,4.08,4.54,4.85,5.64,,105.1,28.6,2.9,136.6,2002 - Jul,11001.5790596034,14574.9583158309
127,2002-08-01,180.5,2002-08,1.7,,1.68,,1.66,1.75,2.15,2.6,3.46,4.04,4.47,5.41,,117.9,35.4,5.0,158.3,2002 - Aug,10952.7261397045,14491.9825658314
128,2002-09,,2002-09,,,,,,,,,,,,,,119.8,24.1,2.7,146.6,2002 - Sep,10997.8148006844,14493.5830672003
129,2002-10-01,181.2,2002-10,1.63,,1.59,,1.54,1.56,1.8,2.11,2.75,3.34,3.72,4.81,,117.4,23.6,2.2,143.2,2002 - Oct,10998.5767118866,14480.4146258864
130,2002-11-01,181.5,2002-11,1.44,,1.43,,1.42,1.46,1.76,2.14,2.92,3.54,4.01,5.07,,125.6,22.0,2.1,149.7,2002 - Nov,11052.3953193026,14522.5887100387
131,2002-12,,2002-12,,,,,,,,,,,,,,131.3,26.2,2.9,160.4,2002 - Dec,11133.3269688181,14611.1240380098
132,2003-01,,2003-01,,,,,,,,,,,,,,90.1,19.8,3.4,113.3,2003 - Jan,11135.2265234272,14595.1482055748
133,2003-02,,2003-02,,,,,,,,,,,,,,92.3,21.7,1.7,115.7,2003 - Feb,11210.9367831314,14653.2221200783
134,2003-03,,2003-03,,,,,,,,,,,,,,101.0,20.9,3.5,125.4,2003 - Mar,11176.2236934474,14595.6546422677
135,2003-04-01,183.2,2003-04,1.17,,1.12,,1.1,1.16,1.5,1.92,2.78,3.35,3.84,4.85,,105.2,21.3,3.0,129.5,2003 - Apr,11258.3573301117,14675.2975853992
136,2003-05-01,182.9,2003-05,1.09,,1.1,,1.13,1.21,1.5,1.93,2.82,3.37,3.88,4.8,,113.4,26.9,2.6,142.9,2003 - May,11275.1946620271,14690.151434445
137,2003-06,,2003-06,,,,,,,,,,,,,,117.1,24.8,2.3,144.2,2003 - Jun,11404.7460078071,14867.2253988794
138,2003-07-01,183.7,2003-07,0.89,,0.89,,0.96,1.07,1.3,1.66,2.48,3.06,3.56,4.54,,117.5,21.4,2.7,141.6,2003 - Jul,11469.3535272727,14911.2628035313
139,2003-08-01,184.5,2003-08,0.91,,0.95,,1.05,1.31,1.85,2.38,3.37,4.01,4.44,5.42,,117.1,24.0,2.1,143.2,2003 - Aug,11565.7658181299,14983.0301303139
140,2003-09,,2003-09,,,,,,,,,,,,,,126.6,22.1,3.8,152.5,2003 - Sep,11664.8876546732,15074.1017362646
141,2003-10-01,184.9,2003-10,0.88,,0.95,,1.0,1.13,1.47,1.93,2.84,3.4,3.96,4.92,,135.2,18.5,1.7,155.4,2003 - Oct,11700.0694341865,15093.5095919606
142,2003-11,,2003-11,,,,,,,,,,,,,,129.4,17.3,1.8,148.5,2003 - Nov,11785.6615988305,15181.4023252576
143,2003-12-01,185.5,2003-12,0.96,,0.95,,1.06,1.41,2.12,2.64,3.46,3.98,4.4,5.23,,141.4,22.0,3.0,166.4,2003 - Dec,11830.9709671236,15215.3631959798
144,2004-01,,2004-01,,,,,,,,,,,,,,99.4,18.2,1.0,118.6,2004 - Jan,11805.7526726158,15134.0747574121
145,2004-02,,2004-02,,,,,,,,,,,,,,101.2,16.2,2.1,119.5,2004 - Feb,11927.3242354652,15259.4873850636
146,2004-03-01,187.1,2004-03,0.97,,0.97,,1.02,1.23,1.67,2.15,2.98,3.49,4.0,4.86,,115.1,20.4,1.5,137.0,2004 - Mar,12037.2640918365,15354.4824119456
147,2004-04-01,187.4,2004-04,0.95,,0.93,,1.02,1.23,1.65,2.06,2.87,3.38,3.91,4.77,,129.0,21.3,1.7,152.0,2004 - Apr,12036.0267721737,15311.1747701558
148,2004-05,,2004-05,,,,,,,,,,,,,,125.1,32.5,1.9,159.5,2004 - May,12175.0170318729,15445.5360604267
149,2004-06-01,188.9,2004-06,0.97,,1.17,,1.44,1.89,2.6,3.14,3.86,4.31,4.71,5.45,,130.4,29.5,2.2,162.1,2004 - Jun,12127.4011960748,15345.9312556362
150,2004-07-01,189.1,2004-07,1.01,,1.22,,1.64,2.07,2.64,3.08,3.74,4.18,4.57,5.31,,127.8,28.2,3.0,159.0,2004 - Jul,12279.9115540611,15483.8904228015
151,2004-08,,2004-08,,,,,,,,,,,,,,137.2,37.4,2.0,176.6,2004 - Aug,12301.5412727772,15521.9453092692
152,2004-09-01,189.8,2004-09,1.43,,1.58,,1.79,1.99,2.41,2.74,3.32,3.76,4.13,4.93,,136.2,20.3,1.7,158.2,2004 - Sep,12334.4681732331,15534.1487048143
153,2004-10-01,190.8,2004-10,1.52,,1.71,,2.0,2.21,2.63,2.92,3.44,3.85,4.21,4.95,,140.7,22.0,2.4,165.1,2004 - Oct,12471.1166555037,15653.0167940174
154,2004-11-01,191.7,2004-11,1.79,,1.99,,2.2,2.34,2.61,2.89,3.36,3.76,4.11,4.84,,128.7,20.1,1.6,150.4,2004 - Nov,12514.996660377,15649.7175593378
155,2004-12-01,191.7,2004-12,2.06,,2.22,,2.4,2.6,3.01,3.28,3.72,4.08,4.38,5.04,,160.8,20.8,2.5,184.1,2004 - Dec,12595.5286840792,15712.030932436
156,2005-01,,2005-01,,,,,,,,,,,,,,109.8,18.0,3.1,130.9,2005 - Jan,12747.841152711,15854.6299598966
157,2005-02-01,192.4,2005-02,2.23,,2.51,,2.77,2.95,3.29,3.43,3.71,3.93,4.15,4.65,,111.7,16.7,3.6,132.0,2005 - Feb,12752.021516804,15827.2620566617
158,2005-03-01,193.1,2005-03,2.55,,2.75,,3.0,3.2,3.59,3.76,4.02,4.19,4.38,4.8,,116.7,17.0,2.0,135.7,2005 - Mar,12801.9953305031,15854.4499921836
159,2005-04-01,193.7,2005-04,2.66,,2.8,,3.13,3.34,3.75,3.9,4.13,4.29,4.46,4.85,,126.7,21.8,2.2,150.7,2005 - Apr,12858.8722757991,15896.0035322414
160,2005-05,,2005-05,,,,,,,,,,,,,,145.3,26.8,4.2,176.3,2005 - May,12882.0126870983,15863.5171956696
161,2005-06-01,193.7,2005-06,2.79,,2.97,,3.12,3.25,3.5,3.55,3.63,3.74,3.91,4.31,,144.5,23.4,3.1,171.0,2005 - Jun,13027.0830371474,16010.8853630423
162,2005-07-01,194.9,2005-07,3.02,,3.17,,3.38,3.51,3.76,3.77,3.84,3.92,4.06,4.37,,136.3,18.6,3.6,158.5,2005 - Jul,13095.7998464664,16037.0943594597
163,2005-08-01,196.1,2005-08,3.3,,3.48,,3.73,3.83,4.04,4.09,4.16,4.22,4.32,4.59,,145.0,28.1,5.2,178.3,2005 - Aug,13152.6326361901,16077.4469130669
164,2005-09-01,198.8,2005-09,3.35,,3.48,,3.62,3.66,3.72,3.8,3.85,3.91,4.02,4.31,,147.8,21.4,2.8,172.0,2005 - Sep,13179.4935174247,16030.3243858667
165,2005-10,,2005-10,,,,,,,,,,,,,,147.1,26.3,2.3,175.7,2005 - Oct,13235.1003935244,16063.9602251222
166,2005-11-01,198.1,2005-11,3.78,,3.96,,4.25,4.31,4.42,4.44,4.47,4.51,4.58,4.85,,142.2,18.8,1.8,162.8,2005 - Nov,13299.8686255186,16112.4487963937
167,2005-12-01,198.1,2005-12,3.99,,3.97,,4.32,4.36,4.45,4.44,4.45,4.47,4.52,4.83,,162.8,21.1,3.6,187.5,2005 - Dec,13437.6429810303,16235.8638203591
168,2006-01,,2006-01,,,,,,,,,,,,,,115.1,24.0,3.3,142.4,2006 - Jan,13517.3894272413,16315.3148821796
169,2006-02-01,199.4,2006-02,4.33,,4.47,,4.6,4.6,4.59,4.54,4.51,4.52,4.57,4.77,,120.8,16.1,4.8,141.7,2006 - Feb,13569.5282083083,16308.0037443372
170,2006-03-01,199.7,2006-03,4.45,,4.6,,4.75,4.74,4.71,4.68,4.63,4.6,4.59,4.74,4.56,144.9,20.8,3.5,169.2,2006 - Mar,13710.5623644908,16440.2068237039
171,2006-04,,2006-04,,,,,,,,,,,,,,134.0,23.8,2.5,160.3,2006 - Apr,13696.428762155,16371.7930684318
172,2006-05-01,201.3,2006-05,4.61,,4.82,,4.98,4.97,4.94,4.95,4.99,5.04,5.14,5.38,5.23,133.7,22.2,2.9,158.8,2006 - May,13781.5712891461,16415.6613317736
173,2006-06-01,201.8,2006-06,4.75,,4.83,,5.06,5.05,5.04,5.02,5.03,5.05,5.11,5.34,5.2,151.7,25.2,2.7,179.6,2006 - Jun,13782.2719487053,16403.137301999
174,2006-07,,2006-07,,,,,,,,,,,,,,138.7,22.9,2.0,163.6,2006 - Jul,13792.9232120581,16367.8411335336
175,2006-08-01,203.8,2006-08,5.2,,5.12,,5.18,5.11,4.97,4.91,4.9,4.92,4.99,5.17,5.07,142.4,25.2,2.8,170.4,2006 - Aug,13884.273103501,16420.3871907836
176,2006-09-01,202.8,2006-09,5.07,,5.02,,5.1,4.99,4.77,4.7,4.68,4.69,4.73,4.95,4.87,152.6,25.4,2.9,180.9,2006 - Sep,13933.3676843825,16476.2364399084
177,2006-10,,2006-10,,,,,,,,,,,,,,142.4,26.5,3.6,172.5,2006 - Oct,13966.3779699778,16488.7101109818
178,2006-11-01,202.0,2006-11,5.19,,5.07,,5.1,4.95,4.66,4.56,4.52,4.52,4.57,4.77,4.68,131.4,22.6,4.9,158.9,2006 - Nov,14060.0420893584,16601.5328026502
179,2006-12-01,203.1,2006-12,5.21,,5.03,,5.05,4.87,4.52,4.43,4.39,4.39,4.43,4.64,4.54,146.7,29.5,4.9,181.1,2006 - Dec,14092.2599406924,16597.6238893372
180,2007-01,,2007-01,,,,,,,,,,,,,,103.9,21.1,2.3,127.3,2007 - Jan,14135.6518385682,16580.2715379584
181,2007-02-01,204.226,2007-02,4.99,,5.13,,5.16,5.09,4.96,4.88,4.84,4.84,4.84,5.02,4.93,90.5,19.4,2.6,112.5,2007 - Feb,14289.2920904091,16684.091241872
182,2007-03-01,205.288,2007-03,5.25,,5.15,,5.11,4.95,4.63,4.54,4.5,4.51,4.56,4.78,4.68,100.2,19.8,2.8,122.8,2007 - Mar,14222.0090710619,16572.8600134059
183,2007-04,,2007-04,,,,,,,,,,,,,,98.1,17.8,3.0,118.9,2007 - Apr,14360.8537011897,16709.2183766932
184,2007-05-01,206.755,2007-05,4.69,,4.9,,5.01,4.89,4.63,4.56,4.54,4.57,4.64,4.89,4.81,107.5,18.2,3.8,129.5,2007 - May,14402.4736312346,16703.4637102942
185,2007-06-01,207.234,2007-06,4.8,,4.79,,4.98,4.98,4.97,4.94,4.92,4.92,4.95,5.15,5.06,107.5,20.7,3.0,131.2,2007 - Jun,14442.9186675431,16729.1500605989
186,2007-07,,2007-07,,,,,,,,,,,,,,101.2,25.1,2.7,129.0,2007 - Jul,14426.5526857889,16673.9871856787
187,2007-08-01,207.667,2007-08,5.05,,4.89,,4.96,4.82,4.56,4.53,4.6,4.66,4.76,4.99,4.9,107.9,26.5,2.5,136.9,2007 - Aug,14597.923066933,16863.5549899231
188,2007-09,,2007-09,,,,,,,,,,,,,,99.8,20.7,2.7,123.2,2007 - Sep,14667.8752472049,16893.0127538845
189,2007-10-01,209.19,2007-10,3.52,,3.92,,4.15,4.11,4.02,4.05,4.24,4.37,4.56,4.85,4.79,103.4,20.3,2.3,126.0,2007 - Oct,14661.4567998625,16875.5207411899
190,2007-11-01,210.834,2007-11,3.9,,3.81,,3.95,3.89,3.77,3.8,4.02,4.16,4.36,4.69,4.64,98.9,17.5,2.3,118.7,2007 - Nov,14717.2190836734,16900.4657854662
191,2007-12,,2007-12,,,,,,,,,,,,,,99.4,25.8,1.6,126.8,2007 - Dec,14766.4981165424,16971.3470474199
192,2008-01,,2008-01,,,,,,,,,,,,,,69.0,21.4,3.1,93.5,2008 - Jan,14805.7752025384,16995.2824692911
193,2008-02-01,212.687,2008-02,1.75,,2.1,,2.15,2.13,2.09,2.22,2.75,3.13,3.62,4.31,4.32,63.2,21.7,2.1,87.0,2008 - Feb,14626.4628709878,16752.6695437014
194,2008-03,,2008-03,,,,,,,,,,,,,,69.0,19.8,1.0,89.8,2008 - Mar,14687.3759264682,16783.0268626814
195,2008-04-01,213.942,2008-04,1.55,,1.4,,1.53,1.62,1.8,1.94,2.65,3.04,3.57,4.4,4.4,62.0,15.0,2.6,79.6,2008 - Apr,14752.8263024097,16841.2176109651
196,2008-05-01,215.208,2008-05,1.23,,1.45,,1.73,1.94,2.37,2.53,3.06,3.36,3.78,4.49,4.49,73.6,21.4,1.5,96.5,2008 - May,14802.3424312831,16891.1293719774
197,2008-06,,2008-06,,,,,,,,,,,,,,73.6,24.2,1.9,99.7,2008 - Jun,15041.9342663332,17098.8747694729
198,2008-07-01,219.016,2008-07,1.92,,1.87,,2.13,2.38,2.63,2.9,3.33,3.62,4.01,4.6,4.55,69.2,20.3,2.0,91.5,2008 - Jul,14969.483158113,16968.7174459536
199,2008-08-01,218.69,2008-08,1.52,,1.66,,1.88,2.25,2.51,2.79,3.23,3.54,3.97,4.61,4.57,62.3,30.2,2.0,94.5,2008 - Aug,14923.140633412,16898.1521498124
200,2008-09,,2008-09,,,,,,,,,,,,,,75.3,25.9,3.0,104.2,2008 - Sep,14804.3732085272,16697.4614810588
201,2008-10-01,216.995,2008-10,0.66,,0.85,,1.49,1.72,1.82,2.12,2.87,3.29,3.77,4.33,4.22,68.5,24.5,1.1,94.1,2008 - Oct,14696.0055644831,16568.1519996487
202,2008-11,,2008-11,,,,,,,,,,,,,,66.8,23.1,1.6,91.5,2008 - Nov,14697.8425484403,16584.7193828705
203,2008-12-01,211.398,2008-12,0.09,,0.07,,0.44,0.81,0.9,1.16,1.71,2.13,2.72,3.51,3.22,66.3,29.5,2.0,97.8,2008 - Dec,14430.7788870277,16304.2474527314
204,2009-01,,2009-01,,,,,,,,,,,,,,39.0,15.1,0.6,54.7,2009 - Jan,14478.7339528362,16347.8057194926
205,2009-02,,2009-02,,,,,,,,,,,,,,36.4,19.1,1.0,56.5,2009 - Feb,14444.51669962,16291.8857164788
206,2009-03,,2009-03,,,,,,,,,,,,,,41.3,19.7,1.1,62.1,2009 - Mar,14369.4553475273,16255.84006155
207,2009-04-01,212.709,2009-04,0.18,,0.22,,0.41,0.58,0.83,1.16,1.65,2.25,2.68,3.54,3.51,41.3,23.0,1.2,65.5,2009 - Apr,14360.6188887179,16254.2199638085
208,2009-05-01,213.022,2009-05,0.06,,0.16,,0.31,0.49,0.92,1.39,2.03,2.72,3.21,4.14,4.09,41.1,26.1,0.9,68.1,2009 - May,14374.2053906977,16274.6384758374
209,2009-06-01,214.79,2009-06,0.13,,0.13,,0.29,0.48,0.97,1.52,2.55,3.28,3.71,4.56,4.55,44.4,24.9,1.0,70.3,2009 - Jun,14408.8837205468,16279.1721292116
210,2009-07-01,214.726,2009-07,0.13,,0.17,,0.33,0.54,1.05,1.57,2.51,3.2,3.55,4.32,4.34,41.1,24.2,1.1,66.4,2009 - Jul,14379.1328220108,16264.827420401
211,2009-08,,2009-08,,,,,,,,,,,,,,44.5,27.8,1.6,73.9,2009 - Aug,14478.2753662712,16346.7282085494
212,2009-09-01,215.861,2009-09,0.08,,0.14,,0.23,0.43,0.92,1.44,2.33,2.99,3.38,4.14,4.19,43.9,19.1,1.4,64.4,2009 - Sep,14489.237811619,16368.0026850508
213,2009-10-01,216.509,2009-10,0.03,,0.1,,0.15,0.37,0.87,1.36,2.2,2.82,3.21,3.95,3.97,49.0,17.1,1.3,67.4,2009 - Oct,14692.1628581682,16568.6384732838
214,2009-11,,2009-11,,,,,,,,,,,,,,50.1,21.2,1.3,72.6,2009 - Nov,14668.4664803461,16516.2307617796
215,2009-12-01,217.347,2009-12,0.09,,0.06,,0.15,0.26,0.67,1.14,2.03,2.74,3.28,4.14,4.26,48.0,22.5,1.9,72.4,2009 - Dec,14593.117661436,16424.1071999911
216,2010-01,,2010-01,,,,,,,,,,,,,,30.0,15.1,1.2,46.3,2010 - Jan,14706.8645725122,16525.6497747785
217,2010-02-01,217.281,2010-02,0.05,,0.1,,0.17,0.33,0.86,1.41,2.38,3.12,3.68,4.43,4.56,30.7,14.1,0.6,45.4,2010 - Feb,14736.8613588408,16562.6680887043
218,2010-03-01,217.353,2010-03,0.09,,0.13,,0.19,0.32,0.8,1.34,2.28,3.04,3.61,4.41,4.56,37.6,10.4,0.6,48.6,2010 - Mar,14850.104068624,16660.2198989284
219,2010-04-01,217.403,2010-04,0.16,,0.16,,0.24,0.42,1.05,1.63,2.59,3.32,3.89,4.58,4.74,42.9,13.9,0.9,57.7,2010 - Apr,14946.4080275333,16725.5458700192
220,2010-05,,2010-05,,,,,,,,,,,,,,43.0,15.2,0.5,58.7,2010 - May,14955.8880715156,16713.5967180139
221,2010-06-01,217.199,2010-06,0.14,,0.16,,0.23,0.35,0.78,1.26,2.09,2.74,3.29,4.03,4.19,60.1,16.9,0.7,77.7,2010 - Jun,15038.2829009499,16790.9408009285
222,2010-07-01,217.605,2010-07,0.16,,0.17,,0.22,0.32,0.63,1.01,1.8,2.43,2.96,3.71,3.88,39.2,8.3,0.7,48.2,2010 - Jul,15115.4026312831,16870.1093801015
223,2010-08,,2010-08,,,,,,,,,,,,,,41.4,12.6,0.6,54.6,2010 - Aug,15103.1349213577,16829.0769359989
224,2010-09-01,218.275,2010-09,0.16,,0.13,,0.19,0.25,0.5,0.75,1.41,2.02,2.58,3.35,3.65,43.9,11.8,1.0,56.7,2010 - Sep,15206.2834473093,16918.166314752
225,2010-10-01,219.035,2010-10,0.15,,0.16,,0.19,0.26,0.42,0.63,1.26,1.9,2.54,3.4,3.71,44.7,9.5,0.6,54.8,2010 - Oct,15278.9396241342,16955.9805667468
226,2010-11-01,219.59,2010-11,0.14,,0.13,,0.16,0.22,0.34,0.5,1.17,1.9,2.66,3.66,4.01,38.7,9.2,0.4,48.3,2010 - Nov,15264.8778675714,16904.7542203113
227,2010-12-01,220.472,2010-12,0.17,,0.16,,0.2,0.28,0.53,0.84,1.64,2.33,2.97,3.95,4.24,44.0,9.6,1.1,54.7,2010 - Dec,15384.6045082216,17022.4997507683
228,2011-01,,2011-01,,,,,,,,,,,,,,28.4,6.2,0.4,35.0,2011 - Jan,15255.6434626375,16862.6906261134
229,2011-02-01,221.898,2011-02,0.16,,0.15,,0.18,0.27,0.61,1.04,2.02,2.79,3.48,4.37,4.62,32.9,8.5,0.6,42.0,2011 - Feb,15283.5590236819,16841.8754223297
230,2011-03-01,223.046,2011-03,0.07,,0.14,,0.16,0.25,0.66,1.15,2.11,2.81,3.41,4.24,4.48,28.2,15.1,0.5,43.8,2011 - Mar,15515.141513604,17057.8932179878
231,2011-04-01,224.093,2011-04,0.03,,0.07,,0.15,0.27,0.8,1.31,2.24,2.9,3.46,4.27,4.48,33.3,7.7,1.2,42.2,2011 - Apr,15583.8613993525,17096.825619919
232,2011-05,,2011-05,,,,,,,,,,,,,,36.6,8.4,0.4,45.4,2011 - May,15567.1624134422,17037.8051801472
233,2011-06-01,224.806,2011-06,0.04,,0.05,,0.11,0.18,0.44,0.74,1.6,2.28,2.96,3.83,4.15,39.7,9.4,1.4,50.5,2011 - Jun,15521.5931872342,16971.3822621321
234,2011-07-01,225.395,2011-07,0.01,,0.02,,0.1,0.2,0.5,0.85,1.8,2.54,3.22,4.12,4.4,40.2,12.6,0.8,53.6,2011 - Jul,15622.1283612239,17031.9960276614
235,2011-08-01,226.106,2011-08,0.13,,0.1,,0.16,0.22,0.38,0.55,1.32,2.05,2.77,3.72,4.07,42.1,14.7,0.5,57.3,2011 - Aug,15720.8477983986,17102.2202271075
236,2011-09-01,226.597,2011-09,0.02,,0.02,,0.05,0.1,0.19,0.31,0.9,1.49,2.15,3.1,3.51,38.4,15.3,1.0,54.7,2011 - Sep,15600.06384035,16960.4041815432
237,2011-10,,2011-10,,,,,,,,,,,,,,41.3,10.3,0.5,52.1,2011 - Oct,15851.3367739292,17249.3643451486
238,2011-11-01,227.169,2011-11,0.01,,0.01,,0.05,0.13,0.23,0.38,0.9,1.45,2.01,2.73,2.99,40.7,9.0,0.4,50.1,2011 - Nov,15842.2813341229,17209.1299790163
239,2011-12-01,227.223,2011-12,0.02,,0.01,,0.05,0.12,0.27,0.41,0.97,1.55,2.11,2.82,3.12,44.8,12.6,0.9,58.3,2011 - Dec,15833.1588919715,17210.0234600591
240,2012-01,,2012-01,,,,,,,,,,,,,,26.0,9.8,0.6,36.4,2012 - Jan,15934.1294102707,17263.3428873546
241,2012-02-01,228.329,2012-02,0.05,,0.06,,0.09,0.13,0.23,0.31,0.72,1.27,1.87,2.65,3.01,29.4,9.3,0.3,39.0,2012 - Feb,16213.8879591683,17513.30706231
242,2012-03-01,228.807,2012-03,0.07,,0.08,,0.13,0.18,0.3,0.43,0.89,1.44,2.03,2.8,3.15,33.6,9.9,0.9,44.4,2012 - Mar,16058.3976304492,17324.9310035104
243,2012-04,,2012-04,,,,,,,,,,,,,,37.6,14.5,0.2,52.3,2012 - Apr,16178.0830259556,17411.1805349252
244,2012-05-01,228.713,2012-05,0.07,,0.09,,0.15,0.19,0.27,0.39,0.84,1.35,1.98,2.76,3.16,39.3,9.5,1.2,50.0,2012 - May,16227.2601235388,17479.361956351
245,2012-06-01,228.524,2012-06,0.03,,0.07,,0.12,0.17,0.25,0.34,0.62,0.93,1.47,2.13,2.53,42.4,11.2,1.5,55.1,2012 - Jun,16216.0018504766,17443.6257170467
246,2012-07,,2012-07,,,,,,,,,,,,,,38.3,19.0,0.9,58.2,2012 - Jul,16323.9761705003,17522.7555688257
247,2012-08-01,229.918,2012-08,0.07,,0.1,,0.14,0.17,0.24,0.32,0.63,1.03,1.56,2.25,2.6,43.3,20.5,1.0,64.8,2012 - Aug,16277.6113204998,17418.5080338744
248,2012-09,,2012-09,,,,,,,,,,,,,,46.6,11.7,0.4,58.7,2012 - Sep,16357.0355089643,17468.3218613362
249,2012-10-01,231.638,2012-10,0.05,,0.09,,0.14,0.17,0.25,0.31,0.62,1.04,1.64,2.41,2.81,50.1,17.2,0.4,67.7,2012 - Oct,16343.6034123233,17414.4716638032
250,2012-11-01,231.249,2012-11,0.06,,0.09,,0.15,0.18,0.3,0.38,0.73,1.16,1.75,2.5,2.89,45.6,11.5,0.7,57.8,2012 - Nov,16410.0746859963,17490.277573932
251,2012-12,,2012-12,,,,,,,,,,,,,,50.7,13.4,0.7,64.8,2012 - Dec,16507.578901775,17565.4925870311
252,2013-01,,2013-01,,,,,,,,,,,,,,36.9,9.9,0.7,47.5,2013 - Jan,16684.3343040666,17726.1065144927
253,2013-02-01,232.937,2013-02,0.02,,0.06,,0.11,0.15,0.27,0.4,0.88,1.4,2.04,2.83,3.21,39.6,9.7,0.4,49.7,2013 - Feb,16602.4853804673,17600.899404975
254,2013-03-01,232.282,2013-03,0.07,,0.11,,0.12,0.16,0.25,0.35,0.75,1.23,1.86,2.68,3.06,45.8,15.5,0.4,61.7,2013 - Mar,16657.747315511,17660.8370275879
255,2013-04-01,231.797,2013-04,0.06,,0.08,,0.11,0.14,0.23,0.36,0.76,1.23,1.86,2.7,3.08,40.5,13.6,0.5,54.6,2013 - Apr,16674.5839350926,17690.6028369166
256,2013-05-01,231.893,2013-05,0.03,,0.06,,0.08,0.11,0.2,0.3,0.65,1.07,1.66,2.44,2.83,46.3,11.2,0.8,58.3,2013 - May,16672.3563594138,17657.6744046176
257,2013-06,,2013-06,,,,,,,,,,,,,,47.0,17.8,1.2,66.0,2013 - Jun,16839.1207054513,17781.3289288036
258,2013-07-01,232.9,2013-07,0.01,,0.04,,0.09,0.15,0.34,0.65,1.39,1.93,2.5,3.19,3.48,47.2,19.0,0.8,67.0,2013 - Jul,16874.4448328904,17796.1231602748
259,2013-08-01,233.456,2013-08,0.02,,0.04,,0.08,0.13,0.35,0.65,1.49,2.15,2.74,3.48,3.77,50.7,20.5,0.4,71.6,2013 - Aug,16988.7075172242,17896.9706827938
260,2013-09,,2013-09,,,,,,,,,,,,,,50.9,18.0,0.8,69.7,2013 - Sep,16998.3616499174,17888.8448183905
261,2013-10-01,233.669,2013-10,0.1,,0.02,,0.04,0.1,0.33,0.66,1.42,2.04,2.66,3.43,3.72,56.9,15.9,0.9,73.7,2013 - Oct,17113.7003451274,17981.1971039065
262,2013-11-01,234.1,2013-11,0.03,,0.04,,0.08,0.1,0.33,0.61,1.37,2.03,2.65,3.4,3.69,52.9,17.0,0.9,70.8,2013 - Nov,17222.5942664781,18055.6616082325
263,2013-12,,2013-12,,,,,,,,,,,,,,54.5,18.1,1.2,73.8,2013 - Dec,17239.7623884347,18012.0965121518
264,2014-01,,2014-01,,,,,,,,,,,,,,40.3,15.0,0.9,56.2,2014 - Jan,17122.8443082525,17884.2364851967
265,2014-02,,2014-02,,,,,,,,,,,,,,43.1,15.8,0.6,59.5,2014 - Feb,17219.8683369825,17991.354016993
266,2014-03,,2014-03,,,,,,,,,,,,,,47.8,18.8,1.0,67.6,2014 - Mar,17250.5013547732,17986.8321500049
267,2014-04-01,236.468,2014-04,0.02,,0.04,,0.06,0.13,0.44,0.91,1.74,2.32,2.77,3.35,3.6,46.4,17.1,0.3,63.8,2014 - Apr,17404.8254258753,18109.7431674823
268,2014-05-01,236.918,2014-05,0.02,,0.03,,0.05,0.1,0.41,0.86,1.66,2.21,2.63,3.16,3.41,52.7,19.7,1.0,73.4,2014 - May,17542.6503951014,18199.9056273447
269,2014-06,,2014-06,,,,,,,,,,,,,,51.0,19.6,0.4,71.0,2014 - Jun,17608.0481789608,18248.5923760868
270,2014-07-01,237.498,2014-07,0.03,,0.02,,0.06,0.11,0.47,0.9,1.66,2.17,2.58,3.13,3.4,51.5,19.8,0.6,71.9,2014 - Jul,17756.9534479279,18371.5227083714
271,2014-08-01,237.46,2014-08,0.01,,0.03,,0.05,0.13,0.47,0.94,1.67,2.16,2.52,3.03,3.29,54.1,31.6,1.2,86.9,2014 - Aug,17860.4404727458,18466.1069991342
272,2014-09,,2014-09,,,,,,,,,,,,,,56.9,31.0,0.6,88.5,2014 - Sep,17795.2900793087,18383.7548795831
273,2014-10-01,237.43,2014-10,0.01,,0.02,,0.04,0.1,0.53,1.0,1.69,2.12,2.42,2.87,3.12,57.6,25.5,0.6,83.7,2014 - Oct,17902.6000067286,18491.4714397356
274,2014-11,,2014-11,,,,,,,,,,,,,,53.6,17.2,1.1,71.9,2014 - Nov,17918.2875684959,18501.2949167252
275,2014-12-01,236.252,2014-12,0.01,,0.03,,0.08,0.13,0.49,0.9,1.52,1.93,2.22,2.66,2.95,64.5,24.5,0.5,89.5,2014 - Dec,17915.3494247413,18507.8258603138
276,2015-01,,2015-01,,,,,,,,,,,,,,45.3,19.4,0.4,65.1,2015 - Jan,18001.8789291224,18651.1472572859
277,2015-02,,2015-02,,,,,,,,,,,,,,41.8,16.3,1.2,59.3,2015 - Feb,18125.0940548313,18732.175719961
278,2015-03,,2015-03,,,,,,,,,,,,,,44.7,15.0,0.8,60.5,2015 - Mar,18063.6140160641,18616.9741375723
279,2015-04-01,236.222,2015-04,0.02,,0.03,,0.12,0.27,0.55,0.86,1.32,1.65,1.87,2.23,2.47,53.3,22.8,1.0,77.1,2015 - Apr,18242.0118462753,18783.4242904937
280,2015-05-01,237.001,2015-05,0.0,,0.01,,0.05,0.25,0.6,0.97,1.5,1.87,2.12,2.57,2.82,54.2,29.2,0.5,83.9,2015 - May,18257.7172610257,18750.0915999802
281,2015-06-01,237.657,2015-06,0.02,,0.02,,0.07,0.26,0.64,0.99,1.55,1.93,2.19,2.69,2.94,55.7,28.9,0.8,85.4,2015 - Jun,18339.6228926563,18813.5362458117
282,2015-07-01,238.034,2015-07,0.01,,0.01,,0.13,0.28,0.69,1.08,1.7,2.14,2.43,2.92,3.2,52.1,33.2,1.0,86.3,2015 - Jul,18370.4923912804,18823.0464427926
283,2015-08,,2015-08,,,,,,,,,,,,,,58.6,32.7,0.8,92.1,2015 - Aug,18376.2594514998,18827.7900600939
284,2015-09-01,237.498,2015-09,0.01,,0.03,,0.26,0.39,0.7,1.03,1.49,1.89,2.17,2.62,2.93,58.0,33.9,0.7,92.6,2015 - Sep,18458.1261572123,18921.7317680132
285,2015-10-01,237.733,2015-10,0.0,,0.0,,0.08,0.31,0.64,0.92,1.37,1.75,2.05,2.49,2.85,60.0,28.7,0.8,89.5,2015 - Oct,18468.4128833622,18916.5029883129
286,2015-11,,2015-11,,,,,,,,,,,,,,55.2,24.6,1.1,80.9,2015 - Nov,18389.4334121858,18839.2651710991
287,2015-12-01,237.761,2015-12,0.19,,0.21,,0.42,0.51,0.91,1.19,1.59,1.93,2.15,2.55,2.91,69.0,25.8,0.8,95.6,2015 - Dec,18447.5647045028,18921.0712885677
288,2016-01,,2016-01,,,,,,,,,,,,,,46.7,24.6,1.2,72.5,2016 - Jan,18494.786568081,18980.5620765412
289,2016-02-01,237.336,2016-02,0.19,,0.35,,0.47,0.47,0.81,1.01,1.38,1.72,1.97,2.38,2.77,51.4,18.3,1.5,71.2,2016 - Feb,18466.9785605662,18956.2484442753
290,2016-03-01,238.08,2016-03,0.29,,0.33,,0.5,0.68,0.85,0.98,1.31,1.62,1.83,2.28,2.7,55.4,22.7,0.7,78.8,2016 - Mar,18616.0338713969,19068.5556232825
291,2016-04-01,238.992,2016-04,0.2,,0.23,,0.4,0.62,0.76,0.9,1.24,1.56,1.79,2.2,2.62,55.6,17.6,0.6,73.8,2016 - Apr,18690.9759215421,19078.0730089199
292,2016-05,,2016-05,,,,,,,,,,,,,,60.2,22.6,0.7,83.5,2016 - May,18695.6241951276,19050.4121609354
293,2016-06-01,240.222,2016-06,0.27,,0.3,,0.49,0.7,0.91,1.07,1.39,1.67,1.85,2.22,2.63,65.9,31.2,0.8,97.9,2016 - Jun,18748.5058833634,19059.8577857904
294,2016-07-01,240.101,2016-07,0.24,,0.28,,0.37,0.45,0.59,0.71,1.0,1.27,1.46,1.81,2.24,61.2,31.5,0.7,93.4,2016 - Jul,18794.5589601443,19115.3573831372
295,2016-08-01,240.545,2016-08,0.2,,0.29,,0.4,0.5,0.67,0.78,1.06,1.33,1.51,1.84,2.24,66.0,31.1,0.9,98.0,2016 - Aug,18879.5040214672,19193.5844562949
296,2016-09-01,241.176,2016-09,0.27,,0.33,,0.47,0.6,0.78,0.91,1.18,1.44,1.57,1.9,2.23,63.7,25.3,1.2,90.2,2016 - Sep,19003.8540183703,19284.9046815544
297,2016-10,,2016-10,,,,,,,,,,,,,,70.0,26.1,0.6,96.7,2016 - Oct,18982.2898131388,19217.8669894781
298,2016-11-01,242.026,2016-11,0.24,,0.35,,0.5,0.65,0.83,0.99,1.3,1.61,1.83,2.24,2.58,67.3,31.9,0.8,100.0,2016 - Nov,19104.9993052823,19331.3023307797
299,2016-12-01,242.637,2016-12,0.32,,0.48,,0.6,0.82,1.14,1.45,1.9,2.25,2.45,2.82,3.1,75.0,28.0,0.6,103.6,2016 - Dec,19180.8478815663,19363.9048721751
300,2017-01,,2017-01,,,,,,,,,,,,,,55.0,19.4,0.2,74.6,2017 - Jan,19221.2997924464,19348.8836935529
301,2017-02-01,244.006,2017-02,0.5,,0.51,,0.65,0.83,1.22,1.49,1.93,2.27,2.48,2.8,3.08,52.7,25.1,1.1,78.9,2017 - Feb,19261.728829027,19374.8945741197
302,2017-03-01,243.892,2017-03,0.46,,0.63,,0.79,0.92,1.29,1.57,1.99,2.29,2.46,2.81,3.06,62.4,28.3,1.3,92.0,2017 - Mar,19357.2233785089,19471.2928537056
303,2017-04,,2017-04,,,,,,,,,,,,,,60.1,21.7,1.6,83.4,2017 - Apr,19323.2382902411,19396.7209122664
304,2017-05-01,244.004,2017-05,0.67,,0.83,,0.98,1.09,1.28,1.48,1.84,2.13,2.33,2.71,3.0,66.9,30.3,0.9,98.1,2017 - May,19439.0871189407,19514.8204537966
305,2017-06-01,244.163,2017-06,0.82,,0.98,,1.07,1.16,1.28,1.45,1.76,2.02,2.21,2.6,2.87,71.3,37.5,1.1,109.9,2017 - Jun,19553.6035908347,19609.3469624772
306,2017-07,,2017-07,,,,,,,,,,,,,,69.4,32.1,0.7,102.2,2017 - Jul,19583.7367167118,19604.0938311724
307,2017-08-01,245.183,2017-08,1.0,,1.08,,1.15,1.22,1.34,1.5,1.8,2.07,2.26,2.61,2.86,65.6,36.2,0.3,102.1,2017 - Aug,19662.076304844,19634.3675627143
308,2017-09-01,246.435,2017-09,0.96,,1.02,,1.1,1.24,1.35,1.46,1.73,1.99,2.16,2.51,2.77,68.2,27.3,0.7,96.2,2017 - Sep,19831.9719784958,19743.8106898114
309,2017-10,,2017-10,,,,,,,,,,,,,,73.3,33.1,0.5,106.9,2017 - Oct,19880.0782189014,19758.1182303781
310,2017-11-01,247.284,2017-11,1.06,,1.18,,1.3,1.46,1.61,1.74,2.01,2.22,2.37,2.63,2.85,68.1,26.0,1.0,95.1,2017 - Nov,20068.4201637314,19912.8847331787
311,2017-12-01,247.805,2017-12,1.14,,1.27,,1.45,1.62,1.78,1.9,2.13,2.28,2.37,2.58,2.76,82.4,29.8,1.2,113.4,2017 - Dec,20162.7656174759,19975.9895028262
312,2018-01,,2018-01,,,,,,,,,,,,,,59.8,23.5,0.7,84.0,2018 - Jan,20256.8388893819,20006.9550516793
313,2018-02-01,249.529,2018-02,1.41,,1.48,,1.64,1.89,2.16,2.33,2.56,2.72,2.78,2.9,3.01,61.3,26.9,0.4,88.6,2018 - Feb,20380.1053621717,20092.3645864266
314,2018-03-01,249.577,2018-03,1.5,,1.63,,1.85,2.05,2.22,2.36,2.58,2.74,2.81,2.97,3.09,67.1,27.0,0.8,94.9,2018 - Mar,20348.714748537,20032.8834147017
315,2018-04,,2018-04,,,,,,,,,,,,,,61.0,32.8,0.9,94.7,2018 - Apr ,20470.0801875715,20086.372871925
316,2018-05-01,250.792,2018-05,1.68,,1.85,,2.05,2.26,2.5,2.66,2.82,2.93,2.97,3.03,3.13,74.1,30.6,1.0,105.7,2018 - May,20621.6126475119,20183.6650562639
317,2018-06-01,251.018,2018-06,1.74,,1.92,,2.1,2.28,2.47,2.61,2.74,2.85,2.89,2.96,3.04,75.6,32.2,0.8,108.6,2018 - Jun,20651.0431649643,20181.4008569303
318,2018-07,,2018-07,,,,,,,,,,,,,,67.6,33.7,0.6,101.9,2018 - Jul,20752.1650674366,20258.8100867755
319,2018-08-01,251.663,2018-08,1.93,,2.03,,2.22,2.45,2.67,2.78,2.87,2.96,3.0,3.07,3.13,83.6,29.9,0.4,113.9,2018 - Aug,20813.6099365419,20294.3088960696
320,2018-09,,2018-09,,,,,,,,,,,,,,72.7,27.3,0.9,100.9,2018 - Sep,20830.4149960164,20275.3762574696
321,2018-10-01,252.772,2018-10,2.13,,2.23,,2.4,2.6,2.82,2.9,2.96,3.04,3.09,3.18,3.24,75.5,23.9,0.8,100.2,2018 - Oct,20888.4481873377,20281.9962897569
322,2018-11-01,252.594,2018-11,2.21,2.28,2.32,,2.49,2.67,2.84,2.91,2.96,3.06,3.14,3.29,3.38,66.9,24.1,0.9,91.9,2018 - Nov,20912.7347600005,20302.7526587963
323,2018-12,,2018-12,,,,,,,,,,,,,,74.9,23.7,1.0,99.6,2018 - Dec,20952.4180526947,20329.8982055024
324,2019-01,,2019-01,,,,,,,,,,,,,,64.2,22.8,0.2,87.2,2019 - Jan,21088.3299857671,20443.432855588
325,2019-02-01,253.319,2019-02,2.41,2.42,2.4,,2.46,2.56,2.52,2.5,2.51,2.59,2.7,2.88,3.03,57.6,33.3,1.2,92.1,2019 - Feb,21077.0836788358,20392.2949499004
326,2019-03-01,254.277,2019-03,2.44,2.46,2.44,,2.52,2.55,2.55,2.54,2.56,2.67,2.76,2.97,3.13,75.2,28.7,1.0,104.9,2019 - Mar,21169.3863354078,20459.239480134
327,2019-04-01,255.233,2019-04,2.42,2.43,2.43,,2.46,2.41,2.33,2.29,2.31,2.4,2.49,2.71,2.89,72.4,30.1,0.9,103.4,2019 - Apr,21310.7547668673,20529.3290650779
328,2019-05-01,255.296,2019-05,2.42,2.41,2.43,,2.44,2.39,2.31,2.28,2.31,2.41,2.52,2.74,2.92,74.6,28.4,0.3,103.3,2019 - May,21370.1811993959,20575.4201591195
329,2019-06,,2019-06,,,,,,,,,,,,,,76.9,26.0,1.0,103.9,2019 - Jun,21512.878033661,20702.1337328995
330,2019-07-01,255.802,2019-07,2.17,2.16,2.21,,2.1,1.94,1.78,1.74,1.79,1.9,2.03,2.34,2.55,75.9,31.6,1.0,108.5,2019 - Jul,21679.5071443419,20812.6545302421
331,2019-08-01,256.036,2019-08,2.11,2.14,2.07,,2.04,1.88,1.73,1.67,1.68,1.77,1.9,2.21,2.44,83.3,32.5,1.0,116.8,2019 - Aug,21711.1390372519,20839.6259920578
332,2019-09,,2019-09,,,,,,,,,,,,,,72.9,23.2,0.2,96.3,2019 - Sep,21760.8668183714,20877.7114444227
333,2019-10-01,257.155,2019-10,1.79,1.77,1.82,,1.81,1.73,1.56,1.51,1.51,1.59,1.65,1.93,2.11,84.0,29.6,0.5,114.1,2019 - Oct,21805.5075501708,20898.7448218171
334,2019-11-01,257.879,2019-11,1.58,1.58,1.52,,1.55,1.53,1.56,1.55,1.55,1.63,1.73,2.03,2.21,78.7,22.0,0.7,101.4,2019 - Nov,21969.7076577441,21027.912456659
335,2019-12,,2019-12,,,,,,,,,,,,,,87.6,34.9,0.6,123.1,2019 - Dec,22024.4357920916,21029.9066525732
336,2020-01,,2020-01,,,,,,,,,,,,,,62.5,27.0,0.7,90.2,2020 - Jan,22080.4728666573,21015.0655290385
337,2020-02,,2020-02,,,,,,,,,,,,,,70.8,19.4,0.6,90.8,2020 - Feb,22118.2772651058,21056.4863093104
338,2020-03,,2020-03,,,,,,,,,,,,,,72.3,28.7,0.7,101.7,2020 - Mar,21054.9638681473,20057.0269687251
339,2020-04-01,256.032,2020-04,0.03,0.07,0.09,,0.14,0.16,0.23,0.28,0.37,0.51,0.62,1.04,1.27,69.3,24.6,0.7,94.6,2020 - Apr,19029.574425379,18247.6265714084
340,2020-05-01,255.802,2020-05,0.1,0.11,0.12,,0.12,0.17,0.2,0.25,0.36,0.53,0.64,1.04,1.27,69.5,27.7,1.3,98.5,2020 - May,19899.3239809617,19040.6982853728
341,2020-06-01,257.042,2020-06,0.12,0.14,0.14,,0.18,0.17,0.14,0.2,0.31,0.5,0.66,1.22,1.46,81.8,28.5,0.4,110.7,2020 - Jun,20945.9745937508,19948.1358963516
342,2020-07-01,258.352,2020-07,0.12,0.12,0.14,,0.17,0.16,0.17,0.19,0.31,0.52,0.69,1.2,1.43,79.5,36.7,0.9,117.1,2020 - Jul,21488.6926587627,20381.907913811
343,2020-08,,2020-08,,,,,,,,,,,,,,78.9,31.3,1.0,111.2,2020 - Aug,21678.5591035656,20534.2524887679
344,2020-09-01,259.997,2020-09,0.09,0.11,0.12,,0.13,0.12,0.13,0.14,0.26,0.46,0.68,1.2,1.43,78.6,41.4,1.1,121.1,2020 - Sep,21946.0592375342,20764.7010506867
345,2020-10-01,260.319,2020-10,0.09,0.09,0.09,,0.1,0.12,0.14,0.16,0.27,0.46,0.68,1.23,1.45,80.7,38.8,1.3,120.8,2020 - Oct,22100.9733804914,20869.2559575319
346,2020-11,,2020-11,,,,,,,,,,,,,,75.6,23.4,0.8,99.8,2020 - Nov,21956.8490682725,20684.1751112024
347,2020-12-01,262.045,2020-12,0.07,0.07,0.09,,0.1,0.12,0.17,0.22,0.42,0.68,0.92,1.46,1.66,92.0,37.3,1.2,130.5,2020 - Dec,22203.6575512144,20826.0679580682
348,2021-01,,2021-01,,,,,,,,,,,,,,72.2,21.1,0.4,93.7,2021 - Jan,22616.3452627911,21108.71278826
349,2021-02-01,263.573,2021-02,0.06,0.07,0.07,,0.08,0.08,0.11,0.17,0.42,0.76,1.09,1.66,1.84,72.5,21.5,0.6,94.6,2021 - Feb,22403.6083993677,20834.9070526259
350,2021-03-01,264.847,2021-03,0.03,0.03,0.05,,0.07,0.08,0.13,0.27,0.71,1.12,1.45,2.11,2.23,83.9,36.1,0.5,120.5,2021 - Mar,23022.1253378341,21306.9061554648
351,2021-04-01,266.625,2021-04,0.02,0.02,0.02,,0.04,0.06,0.17,0.35,0.9,1.37,1.69,2.24,2.34,78.9,33.3,0.2,112.4,2021 - Apr,23239.3582253204,21409.3885792589
352,2021-05,,2021-05,,,,,,,,,,,,,,80.3,31.4,0.3,112.0,2021 - May,23426.2774156027,21442.3526221444
353,2021-06-01,270.71,2021-06,0.01,0.01,0.02,,0.04,0.04,0.16,0.31,0.81,1.28,1.62,2.22,2.3,80.9,34.4,0.6,115.9,2021 - June,23612.0943590636,21474.9769506261
354,2021-07-01,271.965,2021-07,0.05,0.05,0.05,,0.05,0.09,0.25,0.47,0.89,1.24,1.48,2.01,2.07,78.5,41.5,1.4,121.4,2021 - July,23838.5892922582,21578.8372338183
355,2021-08,,2021-08,,,,,,,,,,,,,,83.0,34.0,0.6,117.6,2021 - Aug,23957.8138647347,21579.7492897211
356,2021-09-01,273.942,2021-09,0.04,0.06,0.05,,0.06,0.07,0.2,0.42,0.78,1.08,1.31,1.84,1.92,79.0,23.4,0.6,103.0,2021 - Sep,24150.7338430389,21698.7022309876
357,2021-10-01,276.528,2021-10,0.08,0.04,0.04,,0.05,0.09,0.27,0.49,0.93,1.26,1.48,1.99,2.04,83.0,26.6,1.2,110.8,2021 - Oct,24622.8712295386,21942.4038061331
358,2021-11-01,278.824,2021-11,0.05,0.09,0.05,,0.06,0.15,0.5,0.79,1.2,1.46,1.58,2.01,1.98,78.2,32.8,0.7,111.7,2021 - Nov,24755.5011828282,21921.0330197435
359,2021-12-01,280.806,2021-12,0.09,0.04,0.06,,0.1,0.25,0.56,0.85,1.15,1.35,1.43,1.84,1.77,99.2,27.6,0.5,127.3,2021 - Dec,25062.4275875455,22106.8109445057
360,2022-01,,2022-01,,,,,,,,,,,,,,65.6,20.6,0.9,87.1,2022 - Jan,25023.9319782996,21906.3341025754
361,2022-02-01,284.525,2022-02,0.04,0.1,0.19,,0.48,0.78,1.18,1.39,1.63,1.76,1.81,2.19,2.12,78.6,19.5,0.5,98.6,2022 - Feb,25158.3272927873,21871.1505265046
362,2022-03-01,287.467,2022-03,0.11,0.21,0.32,,0.6,0.91,1.31,1.47,1.56,1.67,1.72,2.19,2.11,87.9,23.9,0.9,112.7,2022 - Mar,25568.7817287967,22024.6654043641
363,2022-04-01,288.582,2022-04,0.15,0.37,0.53,,1.09,1.72,2.44,2.61,2.55,2.5,2.39,2.6,2.44,81.2,25.0,1.2,107.4,2022 - Apr,25647.189975518,21999.6361825795
364,2022-05,,2022-05,,,,,,,,,,,,,,87.1,33.3,0.5,120.9,2022 - May,25853.4713831857,21970.2687807803
365,2022-06-01,295.072,2022-06,0.77,0.9,1.15,,1.63,2.16,2.66,2.84,2.94,2.98,2.94,3.31,3.09,87.5,34.3,0.6,122.4,2022 - Jun,26083.2146413447,21935.3914822139
366,2022-07-01,294.94,2022-07,1.27,1.68,1.73,,2.52,2.79,2.84,2.85,2.88,2.92,2.88,3.35,3.11,82.9,40.2,0.4,123.5,2022 - Jul,26142.8992654524,22024.7800052718
367,2022-08-01,295.162,2022-08,2.22,2.33,2.56,,2.96,2.98,2.9,2.82,2.66,2.64,2.6,3.12,2.92,90.0,31.6,0.6,122.2,2022 - Aug,26434.947298733,22205.714721205
368,2022-09-01,296.421,2022-09,2.53,2.8,2.97,,3.34,3.51,3.51,3.54,3.39,3.36,3.26,3.64,3.37,88.5,31.8,0.1,120.4,2022 - Sep,26431.0654358402,22150.6993770594
369,2022-10,,2022-10,,,,,,,,,,,,,,84.7,31.9,1.5,118.1,2022 - Oct,26690.5544639676,22244.0794867221
370,2022-11-01,298.708,2022-11,3.72,4.0,4.23,4.35,4.58,4.75,4.54,4.48,4.27,4.18,4.07,4.37,4.14,91.3,33.1,0.7,125.1,2022 - Nov,26823.9605589553,22289.6356171446
371,2022-12-01,298.808,2022-12,4.04,4.24,4.33,4.52,4.65,4.66,4.25,3.98,3.68,3.62,3.53,3.85,3.64,96.8,33.9,1.3,132.0,2022 - Dec,26797.0269770807,22305.5603843889
372,2023-01,,2023-01,,,,,,,,,,,,,,71.0,23.2,0.6,94.8,2023 - Jan,27121.7863330924,22428.9314429849
373,2023-02-01,301.476,2023-02,4.59,4.63,4.66,4.77,4.79,4.66,4.09,3.75,3.48,3.43,3.39,3.67,3.55,76.9,34.4,0.4,111.7,2023 - Feb,27147.7614351504,22365.6509404606
374,2023-03-01,301.643,2023-03,4.67,4.82,4.9,5.02,5.2,5.06,4.89,4.61,4.27,4.17,4.01,4.17,3.97,87.2,38.2,1.0,126.4,2023 - Mar,27379.7872317769,22528.3282942928
375,2023-04,,2023-04,,,,,,,,,,,,,,77.4,32.6,1.3,111.3,2023 - Apr,27436.3461206652,22532.418307993
376,2023-05-01,303.316,2023-05,4.49,5.17,5.27,5.22,5.14,4.86,4.14,3.85,3.64,3.62,3.59,3.95,3.84,84.4,43.7,1.5,129.6,2023 - May,27493.9320251762,22574.8549776182
377,2023-06-01,304.099,2023-06,5.3,5.39,5.5,5.5,5.44,5.11,4.33,3.98,3.7,3.66,3.61,3.98,3.84,87.2,43.2,0.7,131.1,2023 - Jun,27659.88685416,22638.2790287973
378,2023-07,,2023-07,,,,,,,,,,,,,,83.0,31.8,0.9,115.7,2023 - Jul,27840.1830110452,22743.5017707105
379,2023-08-01,306.138,2023-08,5.49,5.54,5.54,5.57,5.54,5.38,4.92,4.57,4.24,4.15,4.05,4.3,4.11,82.4,38.6,1.1,122.1,2023 - Aug,28112.9288795703,22859.3878914362
380,2023-09-01,307.374,2023-09,5.51,5.55,5.53,5.58,5.47,5.36,4.87,4.57,4.29,4.27,4.18,4.48,4.29,83.8,38.4,0.8,123.0,2023 - Sep,28271.4261094125,22924.1952802554
381,2023-10,,2023-10,,,,,,,,,,,,,,85.2,32.3,1.1,118.6,2023 - Oct,28203.3676515318,22863.4169589079
382,2023-11-01,308.087,2023-11,5.56,5.55,5.57,5.54,5.51,5.37,4.95,4.76,4.67,4.75,4.77,5.13,4.96,79.7,36.8,1.2,117.7,2023 - Nov,28375.2406340554,22998.5598801451
383,2023-12-01,308.735,2023-12,5.55,5.53,5.43,5.45,5.33,5.05,4.56,4.31,4.14,4.22,4.22,4.58,4.4,100.6,45.1,1.1,146.8,2023 - Dec,28695.5577143738,23243.3446976821
384,2024-01,,2024-01,,,,,,,,,,,,,,61.8,40.3,1.3,103.4,2024 - Jan,28411.8639190631,22920.3850248853
385,2024-02,,2024-02,,,,,,,,,,,,,,81.6,41.9,0.9,124.4,2024 - Feb,28818.6151964155,23172.7855378985
386,2024-03,,2024-03,,,,,,,,,,,,,,78.9,41.5,2.1,122.5,2024 - Mar,28894.0038845678,23157.3268014343
387,2024-04,,2024-04,,,,,,,,,,,,,,91.0,39.9,1.2,132.1,2024 - Apr,29046.5662158091,23222.2084346519
388,2024-05,,2024-05,,,,,,,,,,,,,,86.2,46.9,1.2,134.3,2024 - May,29171.3714092484,23318.8846701703
389,2024-06,,2024-06,,,,,,,,,,,,,,93.1,57.4,1.8,152.3,2024 - Jun,29223.1943749162,23322.6247145059
390,2024-07,,2024-07,,,,,,,,,,,,,,91.3,52.5,0.6,144.4,2024 - Jul,29496.7320791719,23484.6343574867
391,2024-08,,2024-08,,,,,,,,,,,,,,89.3,67.1,1.7,158.1,2024 - Aug,29503.5654230168,23478.6649680362
392,2024-09,,2024-09,,,,,,,,,,,,,,84.6,53.9,1.0,139.5,2024 - Sep,29534.6944978337,23476.706764474
393,2024-10,,2024-10,,,,,,,,,,,,,,85.8,55.2,1.4,142.4,2024 - Oct,29768.8021833134,23572.788358403
394,2024-11,,2024-11,,,,,,,,,,,,,,85.1,44.2,1.3,130.6,2024 - Nov,29867.4100295981,23632.241722211
395,2024-12,,2024-12,,,,,,,,,,,,,,89.8,50.8,2.2,142.8,2024 - Dec,29839.3337871111,23558.973176935
396,2025-01,,2025-01,,,,,,,,,,,,,,68.5,43.7,1.3,113.5,2025 - Jan,29970.578749551594,23547.488536884204
397,2025-02,,2025-02,,,,,,,,,,,,,,76.4,35.8,0.9,113.1,2025 - Feb,30020.286725060316,23514.502513594714
398,2025-03,,2025-03,,,,,,,,,,,,,,87.6,39.0,1.6,128.2,2025 - Mar,30134.856161898097,23586.356753989017
399,2025-04,,2025-04,,,,,,,,,,,,,,78.7,38.7,0.9,118.3,2025 - Apr,30386.637067025,23743.287894490324
400,2025-05,,2025-05,,,,,,,,,,,,,,89.1,41.1,1.5,131.7,2025 - May,30330.566398915733,23657.755963716543
401,2025-06,,2025-06,,,,,,,,,,,,,,78.6,41.0,2.2,121.8,2025 - Jun,30741.16230339363,23905.81354662949
402,2025-07,,2025-07,,,,,,,,,,,,,,85.5,40.8,0.6,126.9,2025 - Jul,30840.89293462857,23944.711507591834
403,2025-08,,2025-08,,,,,,,,,,,,,,93.2,45.2,1.8,140.2,2025 - Aug,30920.35719043606,23961.36180258946
404,2025-09,,2025-09,,,,,,,,,,,,,,79.7,34.5,1.3,115.5,2025 - Sep,31042.69828881767,23985.42504785428
